Collection_ID,Datetime,Village_Khyllemsangrin,Village_Kriangrin,Village_Kyrdum,Village_Langja,Village_Mawsikar,Village_Nonglang,Village_Pyndensohstap,Village_Siangra,Village_Umthlu,Village_Umwahlang,House_ID,Latitude,Longitude,Elevation,Building_Material_Bamboo,Building_Material_Concrete,Building_Material_Wood,Roof_Type_Concrete,Roof_Type_Thatched,Roof_Type_Tin,Open_Eaves,Standing_Water_Cistern_Outside,Standing_Water_Plastic_Container,Standing_Water_Tin_Can,Standing_Water_Other_Container,Animals_Nearby,Chicken_Count,Chicken_Distance,Cattle_Count,Cattle_Distance,Dog_Count,Dog_Distance,Goat_Count,Goat_Distance,Pig_Count,Pig_Distance,Horse_Count,Horse_Distance,Duck_Count,Duck_Distance,Cat_Count,Cat_Distance,Terrain_Hill,Terrain_Plateau,Terrain_Valley,Sky_Clear,Sky_Heavy_Rain,Sky_Light_Rain,Sky_Partly_Cloudy,Environment_Secondary_Evergreen_Forest,Environment_Village,Wind_Gusts,Wind_Light,Wind_None,Wind_Strong,Slept_Under_ITN_LN,Used_Repellent_LN,Repellent_Type_Coil_LN,Repellent_Type_Cream_LN,Repellent_Type_Mat_LN,Repellent_Type_Spray_LN,Repellent_Type_Vaporizer_LN,Repellent_Type_Other_LN,Used_Repellent_CN,Repellent_Type_Coil_CN,Repellent_Type_Cream_CN,Repellent_Type_Mat_CN,Repellent_Type_Spray_CN,Repellent_Type_Vaporizer_CN,Repellent_Type_Other_CN,Mosquito_Count,An._Maculatus,An._Pseudowillmori,An._Willmori,An._Jeyporiensis,An._Annularis,An._Nitidus,An._Peditaeniatus,An._Xui,An._Splendidus,An._Jamesii,Rice,Open_Forest,Closed_Forest,Plantation,Village,Bare_Earth,Month
NKHY001,2019-05-14 15:58:00,1,0,0,0,0,0,0,0,0,0,khyl049,25.728666666666665,91.1772,1015,0,0,1,0,0,1,1,0,0,0,1,1,1,25.0,0,,0,,0,,0,,0,,0,,0,,1,0,0,1,0,0,0,0,1,0,1,0,0,1,1,0,0,0,0,1,0,1,0,0,0,0,1,0,7,0,0,0,0,0,0,0,0,0,0,0.194974836,0.28968422,0.459543278,0.023597426,0.024851713,0.007348527,May
NKHY002,2019-05-14 16:19:00,1,0,0,0,0,0,0,0,0,0,khyl019,25.72805,91.17883333333333,1006,0,0,1,0,0,1,1,0,0,0,1,1,5,25.0,0,,1,25.0,0,,0,,0,,0,,1,25.0,1,0,0,1,0,0,0,0,1,0,1,0,0,1,0,0,0,0,0,0,0,0,0,0,0,0,0,0,0,0,0,0,0,0,0,0,0,0,0,0.160528137,0.307463923,0.482421357,0.029887018,0.015092659,0.004606906,May
NKHY003,2019-05-14 16:48:00,1,0,0,0,0,0,0,0,0,0,khyl025,25.72735,91.17725,1005,0,0,1,0,0,1,1,0,0,0,1,1,0,,0,,0,,0,,0,,0,,0,,1,25.0,1,0,0,1,0,0,0,0,1,0,1,0,0,1,0,0,0,0,0,0,0,0,0,0,0,0,0,0,0,0,0,0,0,0,0,0,0,0,0,0.201191315,0.294563463,0.452839216,0.022333584,0.022096771,0.006975651,May
NKHY004,2019-05-14 17:07:00,1,0,0,0,0,0,0,0,0,0,khyl021,25.727516666666666,91.17791666666666,1017,0,1,0,0,0,1,1,0,0,0,1,1,1,25.0,0,,1,,0,,0,,0,,0,,1,25.0,1,0,0,1,0,0,0,0,1,0,1,0,0,1,1,0,0,0,0,1,0,1,0,0,0,0,1,0,0,0,0,0,0,0,0,0,0,0,0,0.185463889,0.299716951,0.464644837,0.025008138,0.019163212,0.006002973,May
NKHY005,2019-05-14 17:23:00,1,0,0,0,0,0,0,0,0,0,khyl029,25.727733333333333,91.17583333333333,974,0,1,0,1,0,0,1,0,0,0,1,1,0,,0,,1,25.0,0,,1,50.0,0,,0,,1,25.0,1,0,0,1,0,0,0,0,1,0,1,0,0,1,0,0,0,0,0,0,0,0,0,0,0,0,0,0,3,0,0,0,0,0,0,0,0,0,0,0.232428831,0.285167835,0.423677288,0.018252793,0.030772366,0.009700888,May
NKHY007,2019-05-14 17:49:00,1,0,0,0,0,0,0,0,0,0,khyl043,25.727066666666666,91.17506666666667,953,0,0,1,0,0,1,1,0,0,0,1,1,0,,0,,0,,0,,1,50.0,0,,0,,0,,1,0,0,1,0,0,0,0,1,0,1,0,0,1,0,0,0,0,0,0,0,0,0,0,0,0,0,0,0,0,0,0,0,0,0,0,0,0,0,0.244115715,0.283079484,0.41533752,0.01678083,0.030656578,0.010029873,May
NKHY009,2019-05-14 18:37:00,1,0,0,0,0,0,0,0,0,0,khyl010,25.7307,91.1767,987,0,0,1,0,0,1,1,0,0,0,1,1,0,,4,50.0,2,25.0,0,,1,50.0,0,,0,,1,25.0,1,0,0,1,0,0,0,0,1,0,1,0,0,1,0,0,0,0,0,0,0,0,0,0,0,0,0,0,1,1,0,0,0,0,0,0,0,0,0,0.169153776,0.263949176,0.506776945,0.023386566,0.029197698,0.007535838,May
NKHY011,2019-05-15 16:16:00,1,0,0,0,0,0,0,0,0,0,khyl066,25.7318,91.176,983,1,0,0,0,1,0,1,0,0,0,1,1,0,,0,,1,25.0,0,,0,,0,,0,,0,,1,0,0,1,0,0,0,0,1,0,1,0,0,1,0,0,0,0,0,0,0,0,0,0,0,0,0,0,1,1,0,0,0,0,0,0,0,0,0,0.151741589,0.238508521,0.551362293,0.01907021,0.03140155,0.007915837,May
NKHY013,2019-05-15 16:34:00,1,0,0,0,0,0,0,0,0,0,khyl014,25.731783333333333,91.17553333333333,953,0,1,0,0,0,1,1,0,0,0,1,1,0,,1,50.0,1,25.0,0,,0,,0,,0,,0,,1,0,0,1,0,0,0,0,1,0,1,0,0,1,0,0,0,0,0,0,0,0,0,0,0,0,0,0,0,0,0,0,0,0,0,0,0,0,0,0.164081167,0.241013234,0.534523989,0.017617015,0.033729585,0.009035009,May
NKHY017,2019-05-15 17:23:00,1,0,0,0,0,0,0,0,0,0,khyl074,25.731933333333334,91.1746,983,1,0,0,0,1,0,1,0,1,0,0,1,2,25.0,0,,0,,0,,1,25.0,0,,0,,0,,1,0,0,1,0,0,0,0,1,0,1,0,0,1,0,0,0,0,0,0,0,0,0,0,0,0,0,0,0,0,0,0,0,0,0,0,0,0,0,0.176870024,0.241077621,0.519979429,0.015051742,0.036371138,0.010650046,May
NKHY018,2019-05-15 17:32:00,1,0,0,0,0,0,0,0,0,0,khyl002,25.732033333333334,91.17433333333334,1004,0,0,1,0,0,1,1,0,0,0,1,1,0,,0,,0,,0,,1,50.0,0,,0,,0,,1,0,0,1,0,0,0,0,1,0,1,0,0,1,0,0,0,0,0,0,0,0,0,0,0,0,0,0,0,0,0,0,0,0,0,0,0,0,0,0.179226225,0.241205661,0.516988849,0.014445888,0.037054746,0.011078632,May
NKHY021,2019-05-16 16:18:00,1,0,0,0,0,0,0,0,0,0,khyl049,25.728666666666665,91.1772,1015,0,0,1,0,0,1,1,0,0,0,1,1,1,25.0,0,,0,,0,,0,,0,,0,,0,,1,0,0,1,0,0,0,0,1,0,1,0,0,1,1,0,0,0,0,1,0,1,0,0,0,0,1,0,0,0,0,0,0,0,0,0,0,0,0,0.194974836,0.28968422,0.459543278,0.023597426,0.024851713,0.007348527,May
NKHY022,2019-05-16 16:25:00,1,0,0,0,0,0,0,0,0,0,khyl019,25.728033333333332,91.17883333333333,1006,0,0,1,0,0,1,1,0,0,0,1,1,5,25.0,0,,1,25.0,0,,0,,0,,0,,1,25.0,1,0,0,1,0,0,0,0,1,0,1,0,0,1,0,0,0,0,0,0,0,0,0,0,0,0,0,0,0,0,0,0,0,0,0,0,0,0,0,0.160528153,0.30746394,0.482421326,0.029887015,0.015092659,0.004606906,May
NKHY023,2019-05-16 16:40:00,1,0,0,0,0,0,0,0,0,0,khyl025,25.72735,91.17725,1005,0,0,1,0,0,1,1,0,0,0,1,1,0,,0,,0,,0,,0,,0,,0,,1,25.0,1,0,0,1,0,0,0,0,1,0,1,0,0,1,0,0,0,0,0,0,0,0,0,0,0,0,0,0,1,1,0,0,0,0,0,0,0,0,0,0.201191315,0.294563463,0.452839216,0.022333584,0.022096771,0.006975651,May
NKHY024,2019-05-16 17:00:00,1,0,0,0,0,0,0,0,0,0,khyl021,25.727516666666666,91.17791666666666,1017,0,1,0,0,0,1,1,0,0,0,1,1,1,25.0,0,,1,25.0,0,,0,,0,,0,,1,25.0,1,0,0,1,0,0,0,0,1,0,1,0,0,1,1,0,0,0,0,1,0,1,0,0,0,0,1,0,0,0,0,0,0,0,0,0,0,0,0,0.185463889,0.299716951,0.464644837,0.025008138,0.019163212,0.006002973,May
NKHY025,2019-05-16 17:15:00,1,0,0,0,0,0,0,0,0,0,khyl029,25.727733333333333,91.17583333333333,974,0,1,0,1,0,0,1,0,0,0,1,1,0,,0,,1,25.0,0,,1,50.0,0,,0,,1,25.0,1,0,0,1,0,0,0,0,1,0,1,0,0,1,0,0,0,0,0,0,0,0,0,0,0,0,0,0,0,0,0,0,0,0,0,0,0,0,0,0.232428831,0.285167835,0.423677288,0.018252793,0.030772366,0.009700888,May
NKHY027,2019-05-16 17:40:00,1,0,0,0,0,0,0,0,0,0,khyl043,25.727066666666666,91.17506666666667,953,0,0,1,0,0,1,1,0,0,0,1,1,0,,0,,0,,0,,1,50.0,0,,0,,0,,1,0,0,1,0,0,0,0,1,0,1,0,0,1,0,0,0,0,0,0,0,0,0,0,0,0,0,0,0,0,0,0,0,0,0,0,0,0,0,0.244115715,0.283079484,0.41533752,0.01678083,0.030656578,0.010029873,May
NKHY028,2019-05-16 18:00:00,1,0,0,0,0,0,0,0,0,0,khyl009,25.730333333333334,91.1767,985,0,0,1,0,0,1,1,0,0,0,1,1,0,,0,,1,50.0,0,,0,,0,,0,,0,,1,0,0,1,0,0,0,0,1,0,1,0,0,1,0,0,0,0,0,0,0,0,0,0,0,0,0,0,1,1,0,0,0,0,0,0,0,0,0,0.177792065,0.269702439,0.492258942,0.023371509,0.029100706,0.007774339,May
NKHY029,2019-05-16 18:10:00,1,0,0,0,0,0,0,0,0,0,khyl010,25.7307,91.1767,987,0,0,1,0,0,1,1,0,0,0,1,1,0,,4,25.0,2,25.0,0,,1,25.0,0,,0,,1,25.0,1,0,0,1,0,0,0,0,1,0,1,0,0,1,0,0,0,0,0,0,0,0,0,0,0,0,0,0,0,0,0,0,0,0,0,0,0,0,0,0.169153776,0.263949176,0.506776945,0.023386566,0.029197698,0.007535838,May
NKHY031,2019-05-17 16:00:00,1,0,0,0,0,0,0,0,0,0,khyl066,25.7318,91.176,983,1,0,0,0,1,0,1,0,0,0,1,1,0,,0,,1,25.0,0,,0,,0,,0,,0,,1,0,0,1,0,0,0,0,1,0,1,0,0,1,0,0,0,0,0,0,0,0,0,0,0,0,0,0,0,0,0,0,0,0,0,0,0,0,0,0.151741589,0.238508521,0.551362293,0.01907021,0.03140155,0.007915837,May
NKHY033,2019-05-17 16:30:00,1,0,0,0,0,0,0,0,0,0,khyl014,25.731783333333333,91.17553333333333,953,0,1,0,0,0,1,1,0,0,0,1,1,0,,1,25.0,1,25.0,0,,0,,0,,0,,0,,1,0,0,1,0,0,0,0,1,0,1,0,0,1,0,0,0,0,0,0,0,0,0,0,0,0,0,0,0,0,0,0,0,0,0,0,0,0,0,0.164081167,0.241013234,0.534523989,0.017617015,0.033729585,0.009035009,May
NKHY036,2019-05-16 17:20:00,1,0,0,0,0,0,0,0,0,0,khyl082,25.73218333333333,91.1744,991,1,0,0,0,0,1,1,0,0,0,1,1,11,25.0,0,,0,,0,,0,,0,,0,,0,,1,0,0,1,0,0,0,0,1,0,1,0,0,1,0,0,0,0,0,0,0,0,0,0,0,0,0,0,0,0,0,0,0,0,0,0,0,0,0,0.17215113,0.237547799,0.52924573,0.014677924,0.035764006,0.01061341,May
NKHY037,2019-05-17 17:30:00,1,0,0,0,0,0,0,0,0,0,khyl074,25.731933333333334,91.1746,983,1,0,0,0,1,0,1,0,1,0,0,1,2,25.0,0,,0,,0,,1,50.0,0,,0,,0,,1,0,0,1,0,0,0,0,1,0,1,0,0,1,0,0,0,0,0,0,0,0,0,0,0,0,0,0,0,0,0,0,0,0,0,0,0,0,0,0.176870024,0.241077621,0.519979429,0.015051742,0.036371138,0.010650046,May
NKHY038,2019-05-17 17:40:00,1,0,0,0,0,0,0,0,0,0,khyl002,25.732033333333334,91.17433333333334,1004,0,0,1,0,0,1,1,0,0,0,1,1,0,,0,,0,,0,,1,50.0,0,,0,,0,,1,0,0,1,0,0,0,0,1,0,1,0,0,1,0,0,0,0,0,0,0,0,0,0,0,0,0,0,0,0,0,0,0,0,0,0,0,0,0,0.179226225,0.241205661,0.516988849,0.014445888,0.037054746,0.011078632,May
NKHY041,2019-07-30 15:15:00,1,0,0,0,0,0,0,0,0,0,khyl049,25.730333333333334,91.17723333333333,981,0,0,1,0,0,1,1,0,0,0,1,1,2,25.0,0,,0,,0,,0,,0,,0,,0,,1,0,0,1,0,0,0,0,1,0,1,0,0,1,0,0,0,0,0,0,0,0,0,0,0,0,0,0,0,0,0,0,0,0,0,0,0,0,0,0.166081657,0.271600065,0.504105661,0.025413339,0.026010331,0.006788947,July
NKHY042,2019-07-30 10:42:00,1,0,0,0,0,0,0,0,0,0,khyl0019,25.727983333333334,91.17876666666666,1013,0,0,1,0,0,1,1,0,0,0,1,1,8,25.0,0,,0,,0,,0,,0,,0,,0,,1,0,0,1,0,0,0,0,1,0,1,0,0,1,0,0,0,0,0,0,0,0,0,0,0,0,0,0,0,0,0,0,0,0,0,0,0,0,0,0.16329977,0.30678362,0.480384717,0.029306184,0.01546727,0.004758439,July
NKHY043,2019-07-30 15:35:00,1,0,0,0,0,0,0,0,0,0,khyl025,25.72736666666667,91.17721666666667,1039,0,0,1,0,0,1,1,0,0,0,1,1,0,,0,,0,,0,,1,50.0,0,,0,,0,,1,0,0,1,0,0,0,0,1,0,1,0,0,1,0,0,0,0,0,0,0,0,0,0,0,0,0,0,0,0,0,0,0,0,0,0,0,0,0,0.203251245,0.293857429,0.451246751,0.022009843,0.022518873,0.00711586,July
NKHY044,2019-07-30 15:45:00,1,0,0,0,0,0,0,0,0,0,khyl021,25.7267,91.1771,623,0,0,1,0,0,1,1,0,0,0,1,1,3,50.0,2,100.0,0,,0,,0,,0,,0,,0,,1,0,0,1,0,0,0,0,1,0,1,0,0,1,0,0,0,0,0,0,0,0,0,0,0,0,0,0,0,0,0,0,0,0,0,0,0,0,0,0.207704881,0.294137842,0.4493287,0.021016944,0.020892129,0.006919505,July
NKHY045,2019-07-30 15:55:00,1,0,0,0,0,0,0,0,0,0,khyl029,25.727516666666666,91.1759,987,0,1,0,1,0,0,1,0,1,0,0,1,2,25.0,0,,0,,0,,1,50.0,0,,0,,0,,1,0,0,1,0,0,0,0,1,0,1,0,0,1,0,0,0,0,0,0,0,0,0,0,0,0,0,0,0,0,0,0,0,0,0,0,0,0,0,0.230609319,0.28586208,0.426153593,0.018365823,0.029626991,0.009382194,July
NKHY047,2019-07-30 16:15:00,1,0,0,0,0,0,0,0,0,0,khyl043,25.727516666666666,91.17506666666667,984,0,0,1,0,0,1,1,0,0,0,1,1,0,,0,,0,,0,,1,50.0,0,,0,,0,,1,0,0,1,0,0,0,0,1,0,1,0,0,1,0,0,0,0,0,0,0,0,0,0,0,0,0,0,1,1,0,0,0,0,0,0,0,0,0,0.245529322,0.282643333,0.410655821,0.016775028,0.033630995,0.010765501,July
NKHY048,2019-07-30 16:30:00,1,0,0,0,0,0,0,0,0,0,khyl009,25.730333333333334,91.17675,988,0,0,1,0,0,1,1,0,0,0,1,1,2,25.0,0,,0,,0,,0,,0,,3,25.0,0,,1,0,0,1,0,0,0,0,1,0,1,0,0,1,0,0,0,0,0,0,0,0,0,0,0,0,0,0,0,0,0,0,0,0,0,0,0,0,0,0.177792057,0.26970245,0.492258938,0.023371513,0.029100704,0.007774339,July
NKHY049,2019-07-31 16:35:00,1,0,0,0,0,0,0,0,0,0,khyl010,25.730616666666666,91.17675,987,0,0,1,0,0,1,1,0,0,0,1,1,4,25.0,4,100.0,0,,0,,0,,0,,0,,0,,1,0,0,1,0,0,0,0,1,0,1,0,0,1,0,0,0,0,0,0,0,0,0,0,0,0,0,0,1,1,0,0,0,0,0,0,0,0,0,0.171377019,0.265464883,0.50297247,0.023404508,0.029179694,0.007601425,July
NKHY051,2019-07-31 15:00:00,1,0,0,0,0,0,0,0,0,0,khyl066,25.731783333333333,91.17605,993,1,0,0,0,1,0,1,0,0,0,1,1,0,,0,,1,25.0,0,,0,,0,,0,,0,,1,0,0,0,0,1,0,0,1,0,1,0,0,1,0,0,0,0,0,0,0,0,0,0,0,0,0,0,0,0,0,0,0,0,0,0,0,0,0,0.152384981,0.240323853,0.548650757,0.019470407,0.031344977,0.007825025,July
NKHY053,2019-07-31 15:15:00,1,0,0,0,0,0,0,0,0,0,khyl014,25.731683333333333,91.1756,988,0,0,1,0,0,1,1,0,1,0,0,1,0,,0,,1,25.0,0,,0,,0,,0,,0,,1,0,0,0,0,1,0,0,1,0,1,0,0,1,0,0,0,0,0,0,0,0,0,0,0,0,0,0,0,0,0,0,0,0,0,0,0,0,0,0.164821792,0.24264024,0.531932399,0.017967008,0.033701763,0.008936797,July
NKHY056,2019-07-31 15:40:00,1,0,0,0,0,0,0,0,0,0,khyl082,25.73225,91.17435,977,0,1,0,0,0,1,1,0,1,0,0,1,2,25.0,0,,0,,0,,0,,0,,0,,0,,1,0,0,0,0,1,0,0,1,0,1,0,0,1,0,0,0,0,0,0,0,0,0,0,0,0,0,0,0,0,0,0,0,0,0,0,0,0,0,0.171045566,0.2366652,0.531484936,0.014513715,0.035639821,0.010650762,July
NKHY057,2019-07-31 15:51:00,1,0,0,0,0,0,0,0,0,0,khyl074,25.731983333333332,91.17455,974,1,0,0,0,1,0,1,0,1,0,0,1,0,,0,,0,,0,,1,50.0,0,,0,,0,,1,0,0,0,0,1,0,0,1,0,1,0,0,1,0,0,0,0,0,0,0,0,0,0,0,0,0,0,1,1,0,0,0,0,0,0,0,0,0,0.175906343,0.240055245,0.522176969,0.0148465,0.036309905,0.010705037,July
NKHY058,2019-07-31 16:00:00,1,0,0,0,0,0,0,0,0,0,khyl002,25.7321,91.17431666666667,972,1,0,0,0,0,1,1,0,0,0,1,1,0,,0,,0,,0,,1,50.0,0,,0,,0,,1,0,0,0,0,1,0,0,1,0,1,0,0,1,0,0,0,0,0,0,0,0,0,0,0,0,0,0,0,0,0,0,0,0,0,0,0,0,0,0.176530969,0.239706796,0.521750832,0.01446299,0.036604308,0.010944104,July
NKHY061,2019-01-08 15:22:00,1,0,0,0,0,0,0,0,0,0,khyl049,25.728650000000002,91.17723333333333,981,0,0,1,0,0,1,1,0,0,0,1,1,2,25.0,0,,0,,0,,0,,0,,0,,0,,1,0,0,1,0,0,0,0,1,0,1,0,0,1,0,0,0,0,0,0,0,0,0,0,0,0,0,0,0,0,0,0,0,0,0,0,0,0,0,0.194974836,0.28968423,0.459543267,0.023597426,0.024851715,0.007348527,January
NKHY062,2019-01-08 15:28:00,1,0,0,0,0,0,0,0,0,0,khyl019,25.727983333333334,91.17876666666666,1013,0,0,1,0,0,1,1,0,0,0,1,1,8,25.0,0,,0,,0,,0,,0,,0,,0,,1,0,0,1,0,0,0,0,1,0,1,0,0,1,0,0,0,0,0,0,0,0,0,0,0,0,0,0,0,0,0,0,0,0,0,0,0,0,0,0.16329977,0.30678362,0.480384717,0.029306184,0.01546727,0.004758439,January
NKHY063,2019-01-08 15:36:00,1,0,0,0,0,0,0,0,0,0,khyl025,25.72736666666667,91.17722333333333,1039,0,0,1,0,0,1,1,0,0,0,1,1,0,,0,,0,,0,,1,50.0,0,,0,,0,,1,0,0,1,0,0,0,0,1,0,1,0,0,1,0,0,0,0,0,0,0,0,0,0,0,0,0,0,0,0,0,0,0,0,0,0,0,0,0,0.203251245,0.293857428,0.45124675,0.022009844,0.022518873,0.00711586,January
NKHY064,2019-01-08 15:45:00,1,0,0,0,0,0,0,0,0,0,khyl021,25.7267,91.1771,985,0,0,1,0,0,1,1,0,0,0,1,1,3,50.0,2,100.0,0,,0,,0,,0,,0,,0,,1,0,0,1,0,0,0,0,1,0,1,0,0,1,0,0,0,0,0,0,0,0,0,0,0,0,0,0,0,0,0,0,0,0,0,0,0,0,0,0.207704881,0.294137842,0.4493287,0.021016944,0.020892129,0.006919505,January
NKHY065,2019-01-08 15:51:00,1,0,0,0,0,0,0,0,0,0,khyl029,25.727516666666666,91.1759,987,0,1,0,1,0,0,1,0,1,0,0,1,2,25.0,0,,0,,0,,1,50.0,0,,0,,0,,1,0,0,1,0,0,0,0,1,0,1,0,0,1,0,0,0,0,0,0,0,0,0,0,0,0,0,0,1,0,0,0,0,0,0,0,0,0,0,0.230609319,0.28586208,0.426153593,0.018365823,0.029626991,0.009382194,January
NKHY067,2019-01-08 16:10:00,1,0,0,0,0,0,0,0,0,0,khyl043,25.727116666666667,91.17506666666667,984,0,0,1,0,0,1,1,0,0,0,1,1,0,,0,,0,,0,,1,50.0,0,,0,,0,,1,0,0,1,0,0,0,0,1,0,1,0,0,0,0,0,0,0,0,0,0,0,0,0,0,0,0,0,0,0,0,0,0,0,0,0,0,0,0,0.244423513,0.283052026,0.414429283,0.016771207,0.031164518,0.010159452,January
NKHY069,2019-01-08 16:35:00,1,0,0,0,0,0,0,0,0,0,khyl010,25.730616666666666,91.17675,987,0,0,1,0,0,1,1,0,0,0,1,1,4,25.0,4,100.0,0,,0,,0,,0,,0,,0,,1,0,0,1,0,0,0,0,1,0,1,0,0,1,0,0,0,0,0,0,0,0,0,0,0,0,0,0,0,0,0,0,0,0,0,0,0,0,0,0.171377019,0.265464883,0.50297247,0.023404508,0.029179694,0.007601425,January
NKHY071,2019-02-08 16:15:00,1,0,0,0,0,0,0,0,0,0,khyl066,25.731783333333333,91.17605,993,1,0,0,0,1,0,1,0,0,0,1,1,0,,0,,1,25.0,0,,0,,0,,0,,0,,1,0,0,0,0,0,1,0,1,0,1,0,0,1,0,0,0,0,0,0,0,0,0,0,0,0,0,0,0,0,0,0,0,0,0,0,0,0,0,0.152384981,0.240323853,0.548650757,0.019470407,0.031344977,0.007825025,February
NKHY073,2019-02-08 16:25:00,1,0,0,0,0,0,0,0,0,0,khyl014,25.731683333333333,91.1756,988,0,0,1,0,0,1,1,0,1,0,0,1,0,,0,,1,25.0,0,,0,,0,,0,,0,,1,0,0,0,0,0,1,0,1,0,1,0,0,1,0,0,0,0,0,0,0,0,0,0,0,0,0,0,0,0,0,0,0,0,0,0,0,0,0,0.164821792,0.24264024,0.531932399,0.017967008,0.033701763,0.008936797,February
NKHY076,2019-02-08 16:45:00,1,0,0,0,0,0,0,0,0,0,khyl082,25.73225,91.17435,977,0,1,0,0,0,1,1,0,1,0,0,1,2,25.0,0,,0,,0,,0,,0,,0,,0,,1,0,0,0,0,0,1,0,1,0,1,0,0,1,0,0,0,0,0,0,0,0,0,0,0,0,0,0,0,0,0,0,0,0,0,0,0,0,0,0.171045566,0.2366652,0.531484936,0.014513715,0.035639821,0.010650762,February
NKHY077,2019-02-08 16:50:00,1,0,0,0,0,0,0,0,0,0,khyl074,25.731983333333332,91.17455,974,1,0,0,0,1,0,1,0,1,0,0,1,0,,0,,0,,0,,1,25.0,0,,0,,0,,1,0,0,0,0,0,1,0,1,0,1,0,0,1,0,0,0,0,0,0,0,0,0,0,0,0,0,0,0,0,0,0,0,0,0,0,0,0,0,0.175906343,0.240055245,0.522176969,0.0148465,0.036309905,0.010705037,February
NKHY078,2019-02-08 17:02:00,1,0,0,0,0,0,0,0,0,0,khyl002,25.7321,91.17431666666667,972,1,0,0,0,0,1,1,0,0,0,1,1,0,,0,,0,,0,,1,50.0,0,,0,,0,,1,0,0,0,0,0,1,0,1,0,1,0,0,1,0,0,0,0,0,0,0,0,0,0,0,0,0,0,0,0,0,0,0,0,0,0,0,0,0,0.176530969,0.239706796,0.521750832,0.01446299,0.036604308,0.010944104,February
NKHY080,2019-02-08 17:20:00,1,0,0,0,0,0,0,0,0,0,khyl026,25.726466666666667,91.1773,1018,0,0,1,0,0,1,1,0,1,0,0,1,4,25.0,0,,0,,0,,1,50.0,0,,0,,0,,1,0,0,0,0,0,1,0,1,0,1,0,0,1,0,0,0,0,0,0,0,0,0,0,0,0,0,0,0,0,0,0,0,0,0,0,0,0,0,0.205241408,0.295765953,0.451588891,0.021395059,0.019461518,0.006547171,February
NKRI001,2019-07-05 17:26:00,0,1,0,0,0,0,0,0,0,0,krian067,25.634966666666667,91.18268333333333,1153,0,0,1,0,0,1,0,1,0,0,0,1,10,25.0,0,,0,,0,,0,,0,,0,,0,,1,0,0,1,0,0,0,0,1,0,1,0,0,1,0,0,0,0,0,0,0,0,0,0,0,0,0,0,3,1,1,0,0,0,0,0,0,0,0,0.371230646,0.361999714,0.186748862,0.036477544,0.034157611,0.009385623,July
NKRI002,2019-07-05 17:38:00,0,1,0,0,0,0,0,0,0,0,krian025,25.635283333333334,91.18285,1160,0,0,1,0,0,1,1,0,0,0,1,1,4,25.0,0,,2,25.0,0,,1,50.0,0,,0,,1,25.0,1,0,0,1,0,0,0,0,1,0,1,0,0,1,0,0,0,0,0,0,0,0,0,0,0,0,0,0,14,1,4,2,0,0,0,1,0,0,1,0.364156764,0.361264114,0.192480132,0.039314818,0.033539281,0.009244891,July
NKRI003,2019-07-05 17:43:00,0,1,0,0,0,0,0,0,0,0,krian026,25.635283333333334,91.183,1164,1,0,0,0,0,1,1,0,0,0,1,1,2,25.0,0,,3,25.0,0,,0,,0,,0,,0,,1,0,0,1,0,0,0,0,1,0,1,0,0,1,0,0,0,0,0,0,0,0,0,0,0,0,0,0,0,0,0,0,0,0,0,0,0,0,0,0.359376994,0.360637324,0.196279897,0.041566573,0.032982759,0.009156453,July
NKRI004,2019-07-05 17:49:00,0,1,0,0,0,0,0,0,0,0,krian024,25.635416666666668,91.183,1166,0,0,1,0,0,1,1,0,0,0,1,1,2,25.0,0,,1,25.0,0,,0,,0,,0,,0,,1,0,0,1,0,0,0,0,1,0,1,0,0,1,0,0,0,0,0,0,0,0,0,0,0,0,0,0,0,0,0,0,0,0,0,0,0,0,0,0.356890511,0.360958792,0.198311657,0.042047289,0.032727953,0.009063798,July
NKRI007,2019-07-05 18:37:00,0,1,0,0,0,0,0,0,0,0,krian071,25.636233333333333,91.1843,1173,0,0,1,0,0,1,1,0,0,0,1,1,2,25.0,0,,3,25.0,0,,1,50.0,0,,0,,1,25.0,1,0,0,1,0,0,0,0,1,0,1,0,0,1,0,0,0,0,0,0,0,0,0,0,0,0,0,0,0,0,0,0,0,0,0,0,0,0,0,0.290356372,0.364766651,0.250910583,0.062628075,0.024320847,0.007017472,July
NKRI008,2019-07-05 18:53:00,0,1,0,0,0,0,0,0,0,0,krian065,25.634933333333333,91.1844,1162,0,1,0,0,0,1,0,0,0,0,1,1,6,25.0,0,,0,,0,,0,,0,,0,,1,25.0,1,0,0,1,0,0,0,0,1,0,1,0,0,1,0,0,0,0,0,0,0,0,0,0,0,0,0,0,0,0,0,0,0,0,0,0,0,0,0,0.312807328,0.365573843,0.22998691,0.058164064,0.025934594,0.007533261,July
NKRI009,2019-07-05 19:03:00,0,1,0,0,0,0,0,0,0,0,krian027,25.634266666666665,91.18426666666667,1149,0,1,0,0,0,1,0,0,0,0,1,1,4,25.0,0,,0,,0,,1,50.0,0,,0,,0,,1,0,0,1,0,0,0,0,1,0,1,0,0,1,0,0,0,0,0,0,0,0,0,0,0,0,0,0,0,0,0,0,0,0,0,0,0,0,0,0.326848542,0.368153253,0.21859858,0.052158536,0.026549909,0.007691179,July
NKRI011,2019-08-05 16:23:00,0,1,0,0,0,0,0,0,0,0,krian045,25.634900000000002,91.1816,1149,0,0,1,0,0,1,1,0,0,0,1,1,30,25.0,0,,0,,0,,1,50.0,0,,0,,1,25.0,1,0,0,1,0,0,0,0,1,0,1,0,0,1,0,0,0,0,0,0,0,0,0,0,0,0,0,0,0,0,0,0,0,0,0,0,0,0,0,0.386026916,0.37197932,0.173883115,0.026078568,0.033544207,0.008487876,August
NKRI012,2019-08-05 16:36:00,0,1,0,0,0,0,0,0,0,0,krian046,25.634716666666666,91.18151666666667,1174,0,0,1,0,0,1,1,0,0,0,1,1,4,25.0,0,,0,,0,,1,50.0,0,,0,,0,,1,0,0,1,0,0,0,0,1,0,1,0,0,1,0,0,0,0,0,0,0,0,0,0,0,0,0,0,0,0,0,0,0,0,0,0,0,0,0,0.387068267,0.373527039,0.172690683,0.02501121,0.033348787,0.008354014,August
NKRI014,2019-08-05 17:01:00,0,1,0,0,0,0,0,0,0,0,krian048,25.647433333333332,91.18076666666667,1190,0,0,1,0,0,1,1,0,0,0,1,1,2,25.0,0,,0,,0,,0,,0,,0,,2,25.0,1,0,0,1,0,0,0,0,1,0,1,0,0,1,0,0,0,0,0,0,0,0,0,0,0,0,0,0,1,0,0,0,0,0,1,0,0,0,0,0.184618378,0.411155908,0.397239874,0.000962024,0.004760121,0.001263695,August
NKRI016,2019-08-05 17:24:00,0,1,0,0,0,0,0,0,0,0,krian051,25.63395,91.18063333333333,1171,0,0,1,0,0,1,1,0,0,0,1,1,4,25.0,0,,0,,0,,0,,0,,0,,1,25.0,1,0,0,1,0,0,0,0,1,0,1,0,0,1,0,0,0,0,0,0,0,0,0,0,0,0,0,0,0,0,0,0,0,0,0,0,0,0,0,0.380087555,0.392997613,0.17255711,0.017450103,0.030175248,0.00673237,August
NKRI017,2019-08-05 17:31:00,0,1,0,0,0,0,0,0,0,0,krian052,25.63405,91.18035,1187,0,0,1,0,0,1,1,0,0,0,1,1,3,25.0,0,,0,,2,25.0,0,,0,,0,,0,,1,0,0,1,0,0,0,0,1,0,1,0,0,1,0,0,0,0,0,0,0,0,0,0,0,0,0,0,0,0,0,0,0,0,0,0,0,0,0,0.379111922,0.397647229,0.171773737,0.016040232,0.028996689,0.006430192,August
NKRI018,2019-08-05 18:27:00,0,1,0,0,0,0,0,0,0,0,krian053,25.633666666666667,91.18045,1164,0,1,0,1,0,0,1,0,0,0,1,1,2,25.0,0,,0,,0,,0,,0,,0,,0,,1,0,0,1,0,0,0,0,1,0,1,0,0,1,0,0,0,0,0,0,0,0,0,0,0,0,0,0,0,0,0,0,0,0,0,0,0,0,0,0.37451268,0.398601671,0.175013988,0.016214491,0.029314388,0.006342781,August
NKRI019,2019-08-05 18:55:00,0,1,0,0,0,0,0,0,0,0,krian031,25.6354,91.18225,1164,0,0,1,0,0,1,1,0,0,0,1,1,2,25.0,0,,0,,0,,2,50.0,0,,0,,0,,1,0,0,1,0,0,0,0,1,0,1,0,0,1,0,0,0,0,0,0,0,0,0,0,0,0,0,0,0,0,0,0,0,0,0,0,0,0,0,0.373990102,0.365223488,0.184721053,0.033336486,0.033737244,0.008991627,August
NKRI020,2019-08-05 19:37:00,0,1,0,0,0,0,0,0,0,0,krian007,25.637966666666667,91.1824,1177,0,1,0,0,0,1,0,0,0,0,1,1,2,25.0,0,,0,,0,,1,50.0,0,,0,,0,,1,0,0,1,0,0,0,0,1,0,1,0,0,1,0,0,0,0,0,0,0,0,0,0,0,0,0,0,1,0,1,0,0,0,0,0,0,0,0,0.318478006,0.382031022,0.239440117,0.032998446,0.021126817,0.005925591,August
NKRI027,2019-09-05 17:30:00,0,1,0,0,0,0,0,0,0,0,krian067,25.634966666666667,91.18268333333333,1153,0,0,1,0,0,1,0,1,0,0,0,1,10,25.0,0,,0,,0,,0,,0,,0,,0,,1,0,0,1,0,0,0,0,1,1,0,0,0,1,0,0,0,0,0,0,0,0,0,0,0,0,0,0,0,0,0,0,0,0,0,0,0,0,0,0.371230646,0.361999714,0.186748862,0.036477544,0.034157611,0.009385623,September
NKRI028,2019-09-05 17:35:00,0,1,0,0,0,0,0,0,0,0,krian025,25.635283333333334,91.18285,1160,0,0,1,0,0,1,1,0,0,0,1,1,4,25.0,0,,2,25.0,0,,1,50.0,0,,0,,0,,1,0,0,1,0,0,0,0,1,0,1,0,0,1,0,0,0,0,0,0,0,0,0,0,0,0,0,0,0,0,0,0,0,0,0,0,0,0,0,0.364156764,0.361264114,0.192480132,0.039314818,0.033539281,0.009244891,September
NKRI029,2019-09-05 17:40:00,0,1,0,0,0,0,0,0,0,0,krian026,25.635283333333334,91.183,1164,1,0,0,0,0,1,1,0,0,0,1,1,2,25.0,0,,3,25.0,0,,0,,0,,0,,0,,1,0,0,1,0,0,0,0,1,0,1,0,0,1,0,0,0,0,0,0,0,0,0,0,0,0,0,0,0,0,0,0,0,0,0,0,0,0,0,0.359376994,0.360637324,0.196279897,0.041566573,0.032982759,0.009156453,September
NKRI030,2019-09-05 17:48:00,0,1,0,0,0,0,0,0,0,0,krian024,25.635416666666668,91.183,1166,0,0,1,0,0,1,1,0,0,0,1,1,2,25.0,0,,1,25.0,0,,0,,0,,0,,0,,1,0,0,1,0,0,0,0,1,0,1,0,0,1,0,0,0,0,0,0,0,0,0,0,0,0,0,0,0,0,0,0,0,0,0,0,0,0,0,0.356890511,0.360958792,0.198311657,0.042047289,0.032727953,0.009063798,September
NKRI033,2019-09-05 18:12:00,0,1,0,0,0,0,0,0,0,0,krian071,25.636233333333333,91.16763333333333,1173,0,0,1,0,0,1,1,0,0,0,1,1,2,25.0,0,,3,25.0,0,,1,50.0,0,,0,,0,,1,0,0,1,0,0,0,0,1,0,1,0,0,1,0,0,0,0,0,0,0,0,0,0,0,0,0,0,0,0,0,0,0,0,0,0,0,0,0,0.293417552,0.412924308,0.24069086,0.000718374,0.04401779,0.008231117,September
NKRI034,2019-09-05 18:20:00,0,1,0,0,0,0,0,0,0,0,krian065,25.634933333333333,91.16773333333333,1162,0,1,0,0,0,1,0,0,0,0,1,1,2,25.0,0,,0,,0,,0,,0,,0,,1,25.0,1,0,0,1,0,0,0,0,1,0,1,0,0,1,0,0,0,0,0,0,0,0,0,0,0,0,0,0,0,0,0,0,0,0,0,0,0,0,0,0.334749676,0.430760159,0.182417419,0.000544302,0.043918097,0.007610347,September
NKRI035,2019-09-05 18:30:00,0,1,0,0,0,0,0,0,0,0,krian027,25.634266666666665,91.1676,1149,0,1,0,0,0,1,0,0,0,0,1,1,4,25.0,0,,0,,0,,1,50.0,0,,0,,0,,1,0,0,1,0,0,0,0,1,0,1,0,0,1,0,0,0,0,0,0,0,0,0,0,0,0,0,0,0,0,0,0,0,0,0,0,0,0,0,0.352893158,0.438812833,0.156571053,0.000472591,0.043891993,0.007358372,September
NKRI042,2019-10-05 17:40:00,0,1,0,0,0,0,0,0,0,0,krian045,25.634900000000002,91.1816,1149,0,0,1,0,0,1,1,0,0,0,1,1,30,25.0,0,,0,,0,,1,25.0,0,,0,,0,,1,0,0,1,0,0,0,0,1,0,1,0,0,1,0,0,0,0,0,0,0,0,0,0,0,0,0,0,0,0,0,0,0,0,0,0,0,0,0,0.386026916,0.37197932,0.173883115,0.026078568,0.033544207,0.008487876,October
NKRI043,2019-10-05 17:45:00,0,1,0,0,0,0,0,0,0,0,krian046,25.634716666666666,91.18151666666667,1174,0,0,1,0,0,1,1,0,0,0,1,1,4,25.0,0,,0,,0,,1,50.0,0,,0,,0,,1,0,0,1,0,0,0,0,1,0,1,0,0,1,0,0,0,0,0,0,0,0,0,0,0,0,0,0,0,0,0,0,0,0,0,0,0,0,0,0.387068267,0.373527039,0.172690683,0.02501121,0.033348787,0.008354014,October
NKRI045,2019-10-05 17:55:00,0,1,0,0,0,0,0,0,0,0,krian048,25.647433333333332,91.18076666666667,1190,0,0,1,0,0,1,1,0,0,0,1,1,2,25.0,0,,0,,0,,0,,0,,0,,0,,1,0,0,1,0,0,0,0,1,0,1,0,0,1,0,0,0,0,0,0,0,0,0,0,0,0,0,0,4,1,3,0,0,0,0,0,0,0,0,0.184618378,0.411155908,0.397239874,0.000962024,0.004760121,0.001263695,October
NKRI047,2019-10-05 18:08:00,0,1,0,0,0,0,0,0,0,0,krian051,25.63395,91.18063333333333,1171,0,0,1,0,0,1,1,0,0,0,1,1,4,25.0,0,,0,,0,,0,,0,,0,,1,25.0,1,0,0,1,0,0,0,0,1,0,1,0,0,1,0,0,0,0,0,0,0,0,0,0,0,0,0,0,0,0,0,0,0,0,0,0,0,0,0,0.380087555,0.392997613,0.17255711,0.017450103,0.030175248,0.00673237,October
NKRI048,2019-10-05 18:13:00,0,1,0,0,0,0,0,0,0,0,krian052,25.63405,91.18035,1187,0,0,1,0,0,1,1,0,0,0,1,1,3,25.0,0,,0,,2,25.0,0,,0,,0,,0,,1,0,0,1,0,0,0,0,1,0,1,0,0,1,0,0,0,0,0,0,0,0,0,0,0,0,0,0,0,0,0,0,0,0,0,0,0,0,0,0.379111922,0.397647229,0.171773737,0.016040232,0.028996689,0.006430192,October
NKRI049,2019-10-05 18:20:00,0,1,0,0,0,0,0,0,0,0,krian053,25.633666666666667,91.18045,1164,0,1,0,1,0,0,1,0,0,0,1,1,2,25.0,0,,0,,0,,0,,0,,0,,0,,1,0,0,1,0,0,0,0,1,0,1,0,0,1,0,0,0,0,0,0,0,0,0,0,0,0,0,0,0,0,0,0,0,0,0,0,0,0,0,0.37451268,0.398601671,0.175013988,0.016214491,0.029314388,0.006342781,October
NKRI050,2019-10-05 18:25:00,0,1,0,0,0,0,0,0,0,0,krian031,25.6354,91.18225,1164,0,0,1,0,0,1,1,0,0,0,1,1,2,25.0,0,,0,,0,,2,50.0,0,,0,,0,,1,0,0,1,0,0,0,0,1,0,1,0,0,1,0,0,0,0,0,0,0,0,0,0,0,0,0,0,0,0,0,0,0,0,0,0,0,0,0,0.373990102,0.365223488,0.184721053,0.033336486,0.033737244,0.008991627,October
NKRI051,2019-10-05 18:35:00,0,1,0,0,0,0,0,0,0,0,krian007,25.637966666666667,91.1824,1177,0,1,0,0,0,1,0,0,0,0,1,1,2,25.0,0,,0,,0,,0,,0,,0,,0,,1,0,0,1,0,0,0,0,1,0,1,0,0,1,0,0,0,0,0,0,0,0,0,0,0,0,0,0,0,0,0,0,0,0,0,0,0,0,0,0.318478006,0.382031022,0.239440117,0.032998446,0.021126817,0.005925591,October
NKRI052,2019-07-22 15:07:00,0,1,0,0,0,0,0,0,0,0,krian045,25.634866666666667,91.18166666666667,1160,0,1,0,0,0,1,1,0,0,0,1,1,20,25.0,0,,0,,0,,0,,0,,0,,0,,1,0,0,0,1,0,0,0,1,0,1,0,0,1,0,0,0,0,0,0,0,0,0,0,0,0,0,0,0,0,0,0,0,0,0,0,0,0,0,0.386343532,0.372091194,0.173559448,0.025942613,0.033577563,0.00848565,July
NKRI053,2019-07-22 15:13:00,0,1,0,0,0,0,0,0,0,0,krian051,25.633916666666668,91.18058333333333,1169,0,0,1,0,0,1,1,0,0,0,1,1,7,25.0,0,,2,25.0,0,,0,,0,,0,,0,,1,0,0,0,1,0,0,0,1,0,1,0,0,1,0,0,0,0,0,0,0,0,0,0,0,0,0,0,0,0,0,0,0,0,0,0,0,0,0,0.380087588,0.392997622,0.17255709,0.017450084,0.030175247,0.006732369,July
NKRI054,2019-07-22 15:30:00,0,1,0,0,0,0,0,0,0,0,krian052,25.634016666666668,91.18035,1188,0,1,0,0,0,1,1,0,1,0,0,1,4,50.0,0,,2,25.0,0,,0,,0,,0,,0,,1,0,0,0,1,0,0,0,1,0,1,0,0,1,0,0,0,0,0,0,0,0,0,0,0,0,0,0,0,0,0,0,0,0,0,0,0,0,0,0.378118484,0.398189246,0.172303244,0.015985205,0.02901013,0.006393692,July
NKRI057,2019-07-22 16:12:00,0,1,0,0,0,0,0,0,0,0,krian071,25.636233333333333,91.16773333333333,1169,0,1,0,0,0,1,1,0,0,0,1,1,10,25.0,0,,0,,0,,0,,0,,0,,0,,1,0,0,0,1,0,0,0,1,0,1,0,0,1,0,0,0,0,0,0,0,0,0,0,0,0,0,0,0,0,0,0,0,0,0,0,0,0,0,0.292873311,0.412751663,0.241725989,0.000726948,0.04376153,0.008160559,July
NKRI058,2019-07-22 16:20:00,0,1,0,0,0,0,0,0,0,0,krian065,25.635,91.1845,1160,0,1,0,0,0,1,1,0,0,0,1,1,2,25.0,0,,0,,0,,0,,0,,0,,0,,1,0,0,0,1,0,0,0,1,0,1,0,0,1,0,0,0,0,0,0,0,0,0,0,0,0,0,0,0,0,0,0,0,0,0,0,0,0,0,0.307307167,0.366021812,0.23405892,0.059845152,0.025383654,0.007383294,July
NKRI059,2019-07-22 16:35:00,0,1,0,0,0,0,0,0,0,0,krian027,25.6342,91.1843,1162,0,1,0,0,0,1,1,0,0,0,1,1,2,25.0,0,,1,25.0,0,,0,,0,,0,,0,,1,0,0,0,1,0,0,0,1,0,1,0,0,1,0,0,0,0,0,0,0,0,0,0,0,0,0,0,0,0,0,0,0,0,0,0,0,0,0,0.323053123,0.369798971,0.22089343,0.052827965,0.025918689,0.007507822,July
NKRI062,2019-07-22 17:12:00,0,1,0,0,0,0,0,0,0,0,krian067,25.63495,91.18251666666667,1164,0,1,0,0,0,1,1,0,0,0,1,1,3,25.0,0,,0,,0,,0,,0,,0,,0,,1,0,0,0,1,0,0,0,1,0,1,0,0,1,0,0,0,0,0,0,0,0,0,0,0,0,0,0,1,1,0,0,0,0,0,0,0,0,0,0.375589726,0.363237369,0.183177961,0.034223603,0.034415223,0.009356119,July
NKRI064,2019-02-07 17:35:00,0,1,0,0,0,0,0,0,0,0,krian025,25.63535,91.18276666666667,1167,0,0,1,0,0,1,1,0,0,0,1,1,2,50.0,0,,1,25.0,0,,0,,0,,0,,0,,1,0,0,0,1,0,0,0,1,0,1,0,0,1,0,0,0,0,0,0,0,0,0,0,0,0,0,0,0,0,0,0,0,0,0,0,0,0,0,0.365288836,0.36184392,0.191615187,0.03842911,0.033604934,0.009218012,February
NKRI065,2019-07-23 17:45:00,0,1,0,0,0,0,0,0,0,0,krian026,25.63535,91.18276666666667,1167,1,0,0,0,0,1,1,0,0,0,1,1,0,,0,,2,25.0,0,,1,50.0,0,,0,,0,,1,0,0,0,1,0,0,0,1,0,1,0,0,1,0,0,0,0,0,0,0,0,0,0,0,0,0,0,0,0,0,0,0,0,0,0,0,0,0,0.365288836,0.36184392,0.191615187,0.03842911,0.033604934,0.009218012,July
NKRI066,2019-07-23 18:00:00,0,1,0,0,0,0,0,0,0,0,krian024,25.635383333333333,91.18301666666666,1171,0,1,0,0,0,1,1,0,0,0,1,1,2,25.0,0,,0,,0,,0,,0,,0,,0,,1,0,0,0,1,0,0,0,1,0,1,0,0,1,0,0,0,0,0,0,0,0,0,0,0,0,0,0,0,0,0,0,0,0,0,0,0,0,0,0.356890538,0.360958777,0.198311638,0.042047293,0.032727956,0.009063799,July
NKRI068,2019-07-23 18:25:00,0,1,0,0,0,0,0,0,0,0,krian046,25.634716666666666,91.1815,1163,0,0,1,0,0,1,1,0,0,0,1,1,1,50.0,0,,0,,0,,1,100.0,0,,0,,0,,1,0,0,0,1,0,0,0,1,0,1,0,0,1,0,0,0,0,0,0,0,0,0,0,0,0,0,0,1,0,1,0,0,0,0,0,0,0,0,0.387430124,0.37486531,0.172143723,0.024238496,0.033092598,0.00822975,July
NKRI069,2019-07-23 18:37:00,0,1,0,0,0,0,0,0,0,0,krian048,25.634733333333333,91.18078333333334,1186,0,0,1,0,0,1,1,0,0,0,1,1,0,,0,,0,,0,,1,100.0,0,,0,,0,,1,0,0,0,1,0,0,0,1,0,1,0,0,1,0,0,0,0,0,0,0,0,0,0,0,0,0,0,0,0,0,0,0,0,0,0,0,0,0,0.387201566,0.385405802,0.170105574,0.019351073,0.03063549,0.007300494,July
NKRI070,2019-07-23 18:50:00,0,1,0,0,0,0,0,0,0,0,krian007,25.637983333333334,91.18243333333334,1183,0,1,0,0,0,1,1,0,0,0,1,1,7,50.0,0,,0,,0,,1,50.0,0,,0,,0,,1,0,0,0,1,0,0,0,1,0,1,0,0,1,0,0,0,0,0,0,0,0,0,0,0,0,0,0,0,0,0,0,0,0,0,0,0,0,0,0.315668278,0.381282452,0.24197331,0.034067587,0.021082282,0.005926091,July
NKRI072,2019-07-24 17:10:00,0,1,0,0,0,0,0,0,0,0,krian045,25.634866666666667,91.18166666666667,1160,0,1,0,0,0,1,1,0,0,0,1,1,20,25.0,0,,0,,0,,0,,0,,0,,0,,1,0,0,0,1,0,0,0,1,0,0,0,1,1,0,0,0,0,0,0,0,0,0,0,0,0,0,0,0,0,0,0,0,0,0,0,0,0,0,0.386343532,0.372091194,0.173559448,0.025942613,0.033577563,0.00848565,July
NKRI073,2019-07-24 17:20:00,0,1,0,0,0,0,0,0,0,0,krian051,25.633916666666668,91.18058333333333,1169,0,0,1,0,0,1,1,0,0,0,1,1,7,25.0,0,,2,25.0,0,,0,,0,,0,,0,,1,0,0,0,0,1,0,0,1,0,0,0,1,1,0,0,0,0,0,0,0,0,0,0,0,0,0,0,0,0,0,0,0,0,0,0,0,0,0,0.380087588,0.392997622,0.17255709,0.017450084,0.030175247,0.006732369,July
NKRI074,2019-07-24 17:30:00,0,1,0,0,0,0,0,0,0,0,krian052,25.634016666666668,91.18035,1188,0,0,1,0,0,1,1,0,0,0,1,1,7,25.0,0,,2,50.0,0,,0,,0,,0,,0,,1,0,0,0,0,1,0,0,1,0,1,0,0,1,0,0,0,0,0,0,0,0,0,0,0,0,0,0,0,0,0,0,0,0,0,0,0,0,0,0.378118484,0.398189246,0.172303244,0.015985205,0.02901013,0.006393692,July
NKRI077,2019-07-23 17:50:00,0,1,0,0,0,0,0,0,0,0,krian071,25.636233333333333,91.16773333333333,1169,0,0,1,0,0,1,1,0,0,0,1,1,10,50.0,0,,0,,0,,0,,0,,0,,0,,1,0,0,0,0,1,0,0,1,0,0,0,1,1,0,0,0,0,0,0,0,0,0,0,0,0,0,0,0,0,0,0,0,0,0,0,0,0,0,0.292873311,0.412751663,0.241725989,0.000726948,0.04376153,0.008160559,July
NKRI079,2019-07-24 17:30:00,0,1,0,0,0,0,0,0,0,0,krian027,25.6342,91.1843,1161,0,1,0,0,0,1,1,0,0,0,1,1,2,25.0,0,,1,25.0,0,,0,,0,,0,,0,,1,0,0,0,0,1,0,0,1,0,0,0,1,1,0,0,0,0,0,0,0,0,0,0,0,0,0,0,0,0,0,0,0,0,0,0,0,0,0,0.323053123,0.369798971,0.22089343,0.052827965,0.025918689,0.007507822,July
NKRI082,2019-07-25 17:15:00,0,1,0,0,0,0,0,0,0,0,krian067,25.63495,91.18251666666667,1164,0,1,0,0,0,1,1,0,0,0,1,1,3,25.0,0,,0,,0,,0,,0,,0,,0,,1,0,0,0,0,1,0,0,1,0,1,0,0,1,0,0,0,0,0,0,0,0,0,0,0,0,0,0,0,0,0,0,0,0,0,0,0,0,0,0.375589726,0.363237369,0.183177961,0.034223603,0.034415223,0.009356119,July
NKRI084,2019-07-25 17:25:00,0,1,0,0,0,0,0,0,0,0,krian025,25.63535,91.18276666666667,1167,0,0,1,0,0,1,1,0,0,0,1,1,2,50.0,0,,1,25.0,0,,0,,0,,0,,0,,1,0,0,0,0,1,0,0,1,0,1,0,0,1,0,0,0,0,0,0,0,0,0,0,0,0,0,0,2,0,1,0,0,0,0,0,0,0,0,0.365288836,0.36184392,0.191615187,0.03842911,0.033604934,0.009218012,July
NKRI085,2019-07-25 15:35:00,0,1,0,0,0,0,0,0,0,0,krian026,25.635283333333334,91.18305,1167,1,0,0,0,0,1,1,0,0,0,1,1,0,,0,,2,25.0,0,,1,50.0,0,,0,,0,,1,0,0,0,0,1,0,0,1,0,1,0,0,1,0,0,0,0,0,0,0,0,0,0,0,0,0,0,0,0,0,0,0,0,0,0,0,0,0,0.359376998,0.360637318,0.19627989,0.041566586,0.032982756,0.009156453,July
NKRI086,2019-07-25 17:45:00,0,1,0,0,0,0,0,0,0,0,krian024,25.635383333333333,91.18301666666666,1171,0,1,0,0,0,1,1,0,0,0,1,1,2,25.0,0,,0,,0,,0,,0,,0,,0,,1,0,0,0,0,1,0,0,1,0,1,0,0,1,0,0,0,0,0,0,0,0,0,0,0,0,0,0,5,1,4,0,0,0,0,0,0,0,0,0.356890538,0.360958777,0.198311638,0.042047293,0.032727956,0.009063799,July
NKRI088,2019-07-25 18:02:00,0,1,0,0,0,0,0,0,0,0,krian046,25.634716666666666,91.1815,1163,0,0,1,0,0,1,1,0,0,0,1,1,1,50.0,0,,0,,0,,1,50.0,0,,0,,0,,1,0,0,0,0,1,0,0,1,0,1,0,0,1,0,0,0,0,0,0,0,0,0,0,0,0,0,0,0,0,0,0,0,0,0,0,0,0,0,0.387430124,0.37486531,0.172143723,0.024238496,0.033092598,0.00822975,July
NKRI089,2019-07-25 18:15:00,0,1,0,0,0,0,0,0,0,0,krian048,25.634733333333333,91.18078333333334,1186,0,0,1,0,0,1,1,0,0,0,1,1,0,,0,,0,,0,,1,100.0,0,,0,,0,,1,0,0,0,0,1,0,0,1,0,1,0,0,1,0,0,0,0,0,0,0,0,0,0,0,0,0,0,0,0,0,0,0,0,0,0,0,0,0,0.387201566,0.385405802,0.170105574,0.019351073,0.03063549,0.007300494,July
NKRI090,2019-07-25 18:25:00,0,1,0,0,0,0,0,0,0,0,krian007,25.637983333333334,91.18243333333334,1183,0,1,0,0,0,1,1,0,0,0,1,1,7,50.0,0,,0,,0,,1,50.0,0,,0,,0,,1,0,0,0,0,1,0,0,1,0,1,0,0,1,0,0,0,0,0,0,0,0,0,0,0,0,0,0,0,0,0,0,0,0,0,0,0,0,0,0.315668278,0.381282452,0.24197331,0.034067587,0.021082282,0.005926091,July
NKYR011,2018-09-27 14:33:00,0,0,1,0,0,0,0,0,0,0,kyrd025,25.714366666666667,91.20375,1286,0,0,1,0,0,1,0,0,0,0,0,1,6,25.0,0,,0,,0,,0,,0,,0,,0,,1,0,0,0,0,0,1,1,0,0,1,0,0,1,0,0,0,0,0,0,0,0,0,0,0,0,0,0,8,7,1,0,0,0,0,0,0,0,0,0.099177702,0.307391775,0.562349817,0.024964419,0.00467446,0.001441826,September
NKYR012,2018-09-27 15:03:00,0,0,1,0,0,0,0,0,0,0,kyrd086,25.714366666666667,91.20375,1286,0,0,1,0,0,1,0,0,0,0,1,1,5,25.0,11,25.0,2,25.0,1,25.0,0,,0,,0,,1,25.0,1,0,0,0,0,0,1,1,0,0,1,0,0,1,0,0,0,0,0,0,0,0,0,0,0,0,0,0,1,1,0,0,0,0,0,0,0,0,0,0.099177702,0.307391775,0.562349817,0.024964419,0.00467446,0.001441826,September
NKYR019,2018-03-10 16:54:00,0,0,1,0,0,0,0,0,0,0,kyrd051,25.720933333333335,91.20381666666667,1160,0,1,0,0,0,1,0,0,1,0,0,1,3,25.0,0,,0,,0,,0,,0,,0,,0,,1,0,0,0,0,0,1,1,0,0,1,0,0,1,0,0,0,0,0,0,0,0,0,0,0,0,0,0,5,2,0,0,2,0,0,0,0,1,0,0.138199763,0.278012229,0.547518538,0.031224582,0.002231631,0.002813258,March
NKYR020,2018-03-10 17:41:00,0,0,1,0,0,0,0,0,0,0,kyrd040,25.721016666666667,91.20423333333333,1134,0,0,1,0,0,1,0,0,1,0,0,1,4,25.0,0,,0,,0,,0,,0,,0,,1,25.0,1,0,0,0,0,0,1,1,0,0,0,1,0,1,0,0,0,0,0,0,0,0,0,0,0,0,0,0,3,1,0,0,2,0,0,0,0,0,0,0.136572481,0.276857841,0.551688793,0.030181499,0.002116193,0.002583192,March
NKYR021,2018-03-10 18:32:00,0,0,1,0,0,0,0,0,0,0,kyrd079,25.720316666666665,91.20315,1153,0,0,1,0,0,1,0,0,1,0,0,1,0,,0,,0,,2,25.0,0,,0,,0,,1,25.0,1,0,0,0,0,0,1,1,0,0,0,1,0,1,0,0,0,0,0,0,0,0,0,0,0,0,0,0,32,12,1,0,19,0,0,0,0,0,0,0.137608324,0.280364132,0.543359191,0.032479745,0.002708593,0.003480015,March
NKYR025,2018-04-10 16:04:00,0,0,1,0,0,0,0,0,0,0,kyrd000,25.711133333333333,91.20118333333333,0,0,0,1,0,0,1,0,0,1,0,0,1,20,25.0,0,,1,25.0,1,25.0,1,50.0,0,,0,,3,25.0,1,0,0,1,0,0,0,1,0,0,1,0,0,1,0,0,0,0,0,0,0,0,0,0,0,0,0,0,1,0,0,0,1,0,0,0,0,0,0,0.126854313,0.299379829,0.541530875,0.02014796,0.010099783,0.001987239,April
NKYR033,2019-06-25 19:00:00,0,0,1,0,0,0,0,0,0,0,kyrd057,25.716683333333332,91.19763333333333,1157,0,0,1,0,0,1,0,0,1,0,0,1,2,50.0,0,,0,,0,,0,,0,,0,,0,,1,0,0,1,0,0,0,0,1,0,1,0,0,1,0,0,0,0,0,0,0,0,0,0,0,0,0,0,4,4,0,0,0,0,0,0,0,0,0,0.162693435,0.309089088,0.473484428,0.03641368,0.015268462,0.003050906,June
NKYR044,2019-06-26 17:58:00,0,0,1,0,0,0,0,0,0,0,kyrd104,25.721666666666668,91.2062,1151,1,0,0,0,0,1,1,0,0,0,1,1,9,50.0,0,,0,,0,,0,,0,,0,,0,,1,0,0,1,0,0,0,1,0,0,1,0,0,1,0,0,0,0,0,0,0,0,0,0,0,0,0,0,0,0,0,0,0,0,0,0,0,0,0,0.125593219,0.269048217,0.576280634,0.025694699,0.001881517,0.001501712,June
NKYR046,2019-06-26 18:43:00,0,0,1,0,0,0,0,0,0,0,kyrd063,25.71635,91.20015,1166,0,1,0,0,0,1,0,0,1,0,0,1,10,50.0,0,,0,,0,,1,25.0,0,,0,,0,,1,0,0,0,1,0,0,1,0,0,0,0,1,1,0,0,0,0,0,0,0,0,0,0,0,0,0,0,0,0,0,0,0,0,0,0,0,0,0,0.153886697,0.304986772,0.493099707,0.032482137,0.01217362,0.003371067,June
NKYR047,2019-06-26 19:33:00,0,0,1,0,0,0,0,0,0,0,kyrd016,25.713583333333332,91.19791666666667,1151,0,0,1,0,0,1,1,0,1,0,0,1,0,,0,,1,25.0,0,,0,,0,,0,,0,,1,0,0,0,1,0,0,0,1,0,1,0,0,1,0,0,0,0,0,0,0,0,0,0,0,0,0,0,0,0,0,0,0,0,0,0,0,0,0,0.211351058,0.306362885,0.429495802,0.024054578,0.025031121,0.003704556,June
NKYR050,2019-06-27 16:49:00,0,0,1,0,0,0,0,0,0,0,kyrd067,25.712783333333334,91.20213333333334,1233,0,0,1,0,0,1,1,0,1,0,0,1,9,50.0,0,,0,,0,,0,,0,,0,,0,,1,0,0,0,1,0,0,1,0,0,0,0,1,1,0,0,0,0,0,0,0,0,0,0,0,0,0,0,0,0,0,0,0,0,0,0,0,0,0,0.117067614,0.303459758,0.547858468,0.021030581,0.008877777,0.001705802,June
NKYR051,2019-06-27 17:30:00,0,0,1,0,0,0,0,0,0,0,kyrd056,25.71405,91.20258333333334,1269,0,0,1,0,0,1,1,0,1,0,0,1,5,50.0,0,,0,,3,50.0,0,,0,,0,,0,,1,0,0,0,1,0,0,1,0,0,0,0,1,1,0,0,0,0,0,0,0,0,0,0,0,0,0,0,0,0,0,0,0,0,0,0,0,0,0,0.11477494,0.307104704,0.544347139,0.024300688,0.007645652,0.001826876,June
NKYR052,2019-06-27 17:42:00,0,0,1,0,0,0,0,0,0,0,kyrd084,25.71405,91.20396666666667,1147,0,0,1,0,0,1,1,0,1,0,0,1,2,25.0,0,,0,,0,,0,,0,,0,,0,,1,0,0,0,1,0,0,1,0,0,0,0,1,1,0,0,0,0,0,0,0,0,0,0,0,0,0,0,0,0,0,0,0,0,0,0,0,0,0,0.093436669,0.306257465,0.570954585,0.024033168,0.004087701,0.001230412,June
NKYR053,2019-06-27 15:55:00,0,0,1,0,0,0,0,0,0,0,kyrd057,25.716683333333332,91.19763333333333,1157,0,0,1,0,0,1,1,0,1,0,0,1,2,50.0,0,,0,,0,,0,,0,,0,,0,,1,0,0,0,1,0,0,0,1,0,0,0,1,1,0,0,0,0,0,0,0,0,0,0,0,0,0,0,0,0,0,0,0,0,0,0,0,0,0,0.162693435,0.309089088,0.473484428,0.03641368,0.015268462,0.003050906,June
NKYR054,2019-06-27 19:40:00,0,0,1,0,0,0,0,0,0,0,kyrd094,25.716116666666668,91.19528333333334,1172,0,0,1,0,0,1,1,0,0,1,0,1,0,,0,,0,,0,,1,100.0,0,,0,,0,,1,0,0,0,1,0,0,0,1,0,0,0,1,1,0,0,0,0,0,0,0,0,0,0,0,0,0,0,0,0,0,0,0,0,0,0,0,0,0,0.156103998,0.309995876,0.482642291,0.034597435,0.014296915,0.002363484,June
NKYR055,2019-06-27 19:52:00,0,0,1,0,0,0,0,0,0,0,kyrd027,25.716083333333334,91.19571666666667,1140,0,0,1,0,0,1,1,0,0,1,0,1,0,,0,,0,,0,,1,100.0,0,,0,,0,,1,0,0,0,1,0,0,0,1,0,0,0,1,1,0,0,0,0,0,0,0,0,0,0,0,0,0,0,0,0,0,0,0,0,0,0,0,0,0,0.163710098,0.311205224,0.472152481,0.034892847,0.015471633,0.002567717,June
NKYR056,2019-06-27 19:58:00,0,0,1,0,0,0,0,0,0,0,kyrd085,25.716333333333335,91.1955,1170,0,0,1,0,0,1,1,0,1,0,0,1,10,50.0,0,,0,,0,,0,,0,,0,,0,,1,0,0,0,1,0,0,0,1,0,0,0,1,1,0,0,0,0,0,0,0,0,0,0,0,0,0,0,0,0,0,0,0,0,0,0,0,0,0,0.15403018,0.30838094,0.485938539,0.035154827,0.014123864,0.00237165,June
NKYR062,2019-06-28 17:15:00,0,0,1,0,0,0,0,0,0,0,kyrd042,25.720916666666668,91.20573333333333,1139,0,0,1,0,0,1,1,0,1,0,0,1,0,,0,,0,,1,50.0,0,,0,,0,,0,,1,0,0,0,0,1,0,0,1,0,1,0,0,1,0,0,0,0,0,0,0,0,0,0,0,0,0,0,0,0,0,0,0,0,0,0,0,0,0,0.121221222,0.268503665,0.580217114,0.026338469,0.001886848,0.001832683,June
NKYR063,2019-06-28 17:40:00,0,0,1,0,0,0,0,0,0,0,kyrd011,25.7216,91.20565,1158,0,1,0,0,0,1,1,0,1,0,0,1,0,,2,50.0,0,,0,,0,,0,,0,,0,,1,0,0,0,0,1,0,0,1,0,1,0,0,1,0,0,0,0,0,0,0,0,0,0,0,0,0,0,0,0,0,0,0,0,0,0,0,0,0,0.129787256,0.271933578,0.567949226,0.026724014,0.001872075,0.001733852,June
NKYR064,2019-06-28 17:56:00,0,0,1,0,0,0,0,0,0,0,kyrd104,25.721666666666668,91.20625,1151,1,0,0,0,0,1,0,0,0,0,1,1,9,50.0,0,,0,,0,,0,,0,,0,,0,,1,0,0,0,0,1,0,1,0,0,1,0,0,1,0,0,0,0,0,0,0,0,0,0,0,0,0,0,0,0,0,0,0,0,0,0,0,0,0,0.125593246,0.269048221,0.576280607,0.025694697,0.001881517,0.001501712,June
NKYR066,2019-06-28 18:30:00,0,0,1,0,0,0,0,0,0,0,kyrd063,25.71635,91.20015,1166,0,1,0,0,0,1,0,0,1,0,0,1,10,,0,,0,,0,,1,25.0,0,,0,,0,,1,0,0,0,0,1,0,1,0,0,1,0,0,1,0,0,0,0,0,0,0,0,0,0,0,0,0,0,17,7,0,0,7,0,1,0,0,0,1,0.153886697,0.304986772,0.493099707,0.032482137,0.01217362,0.003371067,June
NKYR067,2019-06-28 18:50:00,0,0,1,0,0,0,0,0,0,0,kyrd016,25.713583333333332,91.19791666666667,1151,0,0,1,0,0,1,1,0,1,0,0,1,0,,0,,1,25.0,0,,0,,0,,0,,0,,1,0,0,0,0,1,0,0,1,0,1,0,0,1,0,0,0,0,0,0,0,0,0,0,0,0,0,0,0,0,0,0,0,0,0,0,0,0,0,0.211351058,0.306362885,0.429495802,0.024054578,0.025031121,0.003704556,June
NKYR070,2019-06-09 15:30:00,0,0,1,0,0,0,0,0,0,0,kyrd027,25.716066666666666,91.1955,1175,0,0,1,0,0,1,1,0,1,0,0,1,8,15.0,0,,2,5.0,0,,1,50.0,0,,0,,0,,0,1,0,0,0,0,1,0,1,0,0,1,0,1,0,0,0,0,0,0,0,0,0,0,0,0,0,0,4,0,0,0,0,0,0,0,0,0,0,0.160614717,0.310989258,0.476373535,0.034617979,0.014939882,0.00246463,June
NKYR073,2019-06-09 17:00:00,0,0,1,0,0,0,0,0,0,0,kyrd005,25.7171,91.19585,1169,0,1,0,0,0,1,1,0,1,0,0,1,0,,0,,1,5.0,0,,0,,0,,0,,0,,0,1,0,0,0,0,1,0,1,0,0,1,0,1,0,0,0,0,0,0,0,0,0,0,0,0,0,0,1,0,0,0,0,0,0,0,0,0,0,0.138806969,0.299313642,0.510518955,0.036854358,0.012253368,0.002252708,June
NLAN002,2019-06-08 18:20:00,0,0,0,1,0,0,0,0,0,0,lang109,25.730283333333333,91.16996666666667,978,0,0,1,0,0,1,1,0,1,0,0,1,0,,0,,0,,0,,0,,3,100.0,0,,0,,1,0,0,1,0,0,0,0,1,0,1,0,0,1,0,0,0,0,0,0,0,0,0,0,0,0,0,0,0,0,0,0,0,0,0,0,0,0,0,0.261191614,0.254530517,0.392074275,0.016532245,0.056300885,0.019370463,June
NLAN003,2019-06-08 18:40:00,0,0,0,1,0,0,0,0,0,0,lang029,25.728183333333334,91.1701,974,0,0,1,0,0,1,1,0,1,0,0,1,4,25.0,0,,0,,0,,2,50.0,0,,0,,0,,1,0,0,1,0,0,0,0,1,0,1,0,0,1,0,0,0,0,0,0,0,0,0,0,0,0,0,0,9,3,1,0,1,0,0,0,0,0,0,0.252734476,0.259408317,0.402430729,0.021484685,0.048980844,0.014960949,June
NLAN004,2019-06-08 19:02:00,0,0,0,1,0,0,0,0,0,0,lang012,25.72835,91.1691,1000,0,0,1,0,0,1,1,0,1,0,0,1,0,,0,,0,,0,,1,50.0,0,,0,,0,,1,0,0,1,0,0,0,0,1,0,1,0,0,1,0,0,0,0,0,0,0,0,0,0,0,0,0,0,1,0,1,0,0,0,0,0,0,0,0,0.242708825,0.256797966,0.416347871,0.026205893,0.043894024,0.014045422,June
NLAN005,2019-06-08 19:47:00,0,0,0,1,0,0,0,0,0,0,lang003,25.728616666666667,91.17373333333333,998,0,1,0,1,0,0,1,1,0,0,0,1,0,,0,,0,,0,,1,50.0,0,,0,,0,,1,0,0,1,0,0,0,0,1,0,1,0,0,1,0,0,0,0,0,0,0,0,0,0,0,0,0,0,0,0,0,0,0,0,0,0,0,0,0,0.260896311,0.275826896,0.389929544,0.014797893,0.04439136,0.014157996,June
NLAN007,2019-06-08 20:45:00,0,0,0,1,0,0,0,0,0,0,lang003,25.72925,91.1729,970,0,0,1,0,0,1,1,0,1,0,0,1,10,25.0,0,,0,,0,,1,50.0,0,,0,,0,,1,0,0,1,0,0,0,0,1,0,1,0,0,1,0,0,0,0,0,0,0,0,0,0,0,0,0,0,0,0,0,0,0,0,0,0,0,0,0,0.26403481,0.271931365,0.385288152,0.013555972,0.049437014,0.015752686,June
NLAN011,2019-07-08 16:37:00,0,0,0,1,0,0,0,0,0,0,lang058,25.727766666666668,91.17286666666666,1007,0,1,0,1,0,0,1,1,0,0,0,1,0,,2,50.0,0,,0,,1,100.0,0,,0,,0,,1,0,0,0,0,1,0,0,1,0,0,0,1,1,0,0,0,0,0,0,0,0,0,0,0,0,0,0,3,0,1,0,2,0,0,0,0,0,0,0.267596243,0.272933668,0.386298038,0.015587648,0.043567957,0.014016445,July
NLAN012,2019-07-08 17:16:00,0,0,0,1,0,0,0,0,0,0,lang065,25.730183333333333,91.1708,983,0,1,0,0,0,1,1,0,1,0,0,1,0,,0,,0,,0,,1,50.0,0,,0,,0,,1,0,0,0,0,1,0,0,1,0,0,0,1,1,0,0,0,0,0,0,0,0,0,0,0,0,0,0,0,0,0,0,0,0,0,0,0,0,0,0.264215583,0.258715676,0.385340751,0.014119878,0.058061087,0.019547025,July
NLAN014,2019-07-08 18:21:00,0,0,0,1,0,0,0,0,0,0,lang110,25.730083333333333,91.1694,987,1,0,0,0,0,1,1,0,1,0,0,1,0,,0,,0,,0,,1,50.0,0,,0,,0,,1,0,0,0,0,1,0,0,1,0,0,0,1,1,0,0,0,0,0,0,0,0,0,0,0,0,0,0,1,0,0,0,0,0,0,0,0,0,0,0.257387042,0.253529147,0.397925029,0.019730988,0.053047698,0.018380096,July
NLAN015,2019-07-08 18:30:00,0,0,0,1,0,0,0,0,0,0,lang045,25.728616666666667,91.17028333333333,976,0,0,1,0,0,1,1,0,1,0,0,1,0,,0,,0,,0,,1,50.0,0,,0,,0,,1,0,0,0,0,1,0,0,1,0,0,0,1,1,0,0,0,0,0,0,0,0,0,0,0,0,0,0,0,0,0,0,0,0,0,0,0,0,0,0.25970858,0.258989058,0.391928377,0.019457167,0.05353153,0.016385288,July
NLAN016,2019-07-08 18:46:00,0,0,0,1,0,0,0,0,0,0,lang036,25.728650000000002,91.16923333333334,994,0,0,1,0,0,1,1,0,1,0,0,1,0,,0,,0,,0,,1,50.0,0,,0,,0,,1,0,0,0,0,1,0,0,1,0,0,0,1,1,0,0,0,0,0,0,0,0,0,0,0,0,0,0,0,0,0,0,0,0,0,0,0,0,0,0.247571526,0.256261246,0.410086483,0.024822097,0.046360327,0.01489832,July
NLAN017,2019-07-08 19:01:00,0,0,0,1,0,0,0,0,0,0,lang039,25.72805,91.17465,982,0,0,1,0,0,1,1,0,1,0,0,1,0,,0,,0,,0,,1,50.0,0,,0,,0,,1,0,0,0,0,1,0,0,1,0,0,0,1,1,0,0,0,0,0,0,0,0,0,0,0,0,0,0,1,0,0,0,0,0,0,0,0,0,0,0.252520941,0.28003521,0.400791323,0.016117829,0.038355596,0.012179101,July
NLAN023,2019-08-08 18:50:00,0,0,0,1,0,0,0,0,0,0,lang029,25.728183333333334,91.1701,974,0,0,1,0,0,1,1,0,1,0,0,1,4,25.0,0,,0,,0,,0,,0,,0,,0,,1,0,0,0,0,0,1,0,1,0,1,0,0,1,0,0,0,0,0,0,0,0,0,0,0,0,0,0,4,0,0,0,0,0,0,0,0,0,0,0.252734476,0.259408317,0.402430729,0.021484685,0.048980844,0.014960949,August
NLAN024,2019-08-08 19:07:00,0,0,0,1,0,0,0,0,0,0,lang072,25.72835,91.1691,1000,0,0,1,0,0,1,1,0,1,0,0,1,0,,0,,0,,0,,1,50.0,0,,0,,0,,1,0,0,0,0,0,1,0,1,0,1,0,0,1,0,0,0,0,0,0,0,0,0,0,0,0,0,0,0,0,0,0,0,0,0,0,0,0,0,0.242708825,0.256797966,0.416347871,0.026205893,0.043894024,0.014045422,August
NLAN031,2019-09-08 16:20:00,0,0,0,1,0,0,0,0,0,0,lang058,25.727766666666668,91.17286666666666,1007,0,1,0,1,0,0,1,1,0,0,0,1,0,,2,50.0,0,,0,,1,100.0,0,,0,,0,,1,0,0,0,0,0,1,0,1,0,0,0,1,1,0,0,0,0,0,0,0,0,0,0,0,0,0,0,0,0,0,0,0,0,0,0,0,0,0,0.267596243,0.272933668,0.386298038,0.015587648,0.043567957,0.014016445,September
NLAN032,2019-09-08 16:30:00,0,0,0,1,0,0,0,0,0,0,lang065,25.730183333333333,91.1708,983,0,1,0,0,0,1,1,0,1,0,0,1,0,,0,,0,,0,,1,50.0,0,,0,,0,,1,0,0,0,0,0,1,0,1,0,0,0,1,1,0,0,0,0,0,0,0,0,0,0,0,0,0,0,0,0,0,0,0,0,0,0,0,0,0,0.264215583,0.258715676,0.385340751,0.014119878,0.058061087,0.019547025,September
NLAN034,2019-08-14 17:00:00,0,0,0,1,0,0,0,0,0,0,lang110,25.730083333333333,91.1694,987,1,0,0,0,0,1,1,0,1,0,0,1,0,,0,,0,,0,,1,50.0,0,,0,,0,,1,0,0,0,0,0,1,0,1,0,0,0,1,1,0,0,0,0,0,0,0,0,0,0,0,0,0,0,0,0,0,0,0,0,0,0,0,0,0,0.257387042,0.253529147,0.397925029,0.019730988,0.053047698,0.018380096,August
NLAN035,2019-09-08 17:10:00,0,0,0,1,0,0,0,0,0,0,lang045,25.728616666666667,91.17128333333334,976,0,0,1,0,0,1,1,0,1,0,0,1,0,,0,,0,,0,,1,50.0,0,,0,,0,,1,0,0,0,0,0,1,0,1,0,0,0,1,1,0,0,0,0,0,0,0,0,0,0,0,0,0,0,0,0,0,0,0,0,0,0,0,0,0,0.267563914,0.264496603,0.381148991,0.016053135,0.053989411,0.016747945,September
NLAN036,2019-09-08 17:25:00,0,0,0,1,0,0,0,0,0,0,lang036,25.728650000000002,91.16923333333334,994,0,0,1,0,0,1,1,0,1,0,0,1,0,,0,,0,,0,,1,50.0,0,,0,,0,,1,0,0,0,0,0,1,0,1,0,0,0,1,1,0,0,0,0,0,0,0,0,0,0,0,0,0,0,0,0,0,0,0,0,0,0,0,0,0,0.247571526,0.256261246,0.410086483,0.024822097,0.046360327,0.01489832,September
NLAN037,2019-09-08 17:40:00,0,0,0,1,0,0,0,0,0,0,lang039,25.72805,91.17465,982,0,0,1,0,0,1,1,0,1,0,0,1,0,,0,,0,,0,,1,50.0,0,,0,,0,,1,0,0,0,0,0,1,0,1,0,0,0,1,1,0,0,0,0,0,0,0,0,0,0,0,0,0,0,0,0,0,0,0,0,0,0,0,0,0,0.252520941,0.28003521,0.400791323,0.016117829,0.038355596,0.012179101,September
NMAW001,2019-08-28 17:45:00,0,0,0,0,1,0,0,0,0,0,maws041,25.728616666666667,91.21696666666666,1064,0,0,1,0,0,1,1,0,0,0,1,1,2,25.0,0,,0,,0,,0,,0,,0,,0,,1,0,0,0,1,0,0,1,0,1,0,0,0,1,0,0,0,0,0,0,0,0,0,0,0,0,0,0,4,0,0,0,1,0,2,0,0,0,0,0.1864227,0.336562856,0.4197543,0.036537482,0.017343468,0.003379193,August
NMAW002,2019-08-28 18:14:00,0,0,0,0,1,0,0,0,0,0,maws037,25.73,91.22496666666666,1045,1,0,0,0,0,1,1,0,0,0,1,1,4,25.0,0,,0,,0,,0,,0,,0,,0,,1,0,0,0,1,0,0,1,0,1,0,0,0,1,0,0,0,0,0,0,0,0,0,0,0,0,0,0,5,0,2,0,3,0,0,0,0,0,0,0.122009755,0.31047195,0.429414868,0.134284751,0.003034521,0.000784156,August
NMAW003,2019-08-28 18:23:00,0,0,0,0,1,0,0,0,0,0,maws060,25.7304,91.2255,1045,0,0,1,0,0,1,1,0,1,0,0,1,6,25.0,0,,0,,0,,0,,0,,0,,0,,1,0,0,0,1,0,0,1,0,1,0,0,0,1,0,0,0,0,0,0,0,0,0,0,0,0,0,0,2,0,0,0,1,0,0,0,0,0,0,0.120385008,0.308914064,0.425545296,0.141612283,0.002878293,0.000665056,August
NMAW004,2019-08-28 19:43:00,0,0,0,0,1,0,0,0,0,0,maws066,25.72845,91.20638333333333,999,0,1,0,0,0,1,1,0,1,0,0,1,4,25.0,0,,0,,0,,0,,0,,0,,0,,1,0,0,0,1,0,0,1,0,1,0,0,0,1,0,0,0,0,0,0,0,0,0,0,0,0,0,0,0,0,0,0,0,0,0,0,0,0,0,0.165265586,0.308679945,0.49307672,0.027828412,0.002607375,0.002541962,August
NMAW008,2019-08-28 17:05:00,0,0,0,0,1,0,0,0,0,0,maws074,25.7291,91.20601666666667,1101,0,1,0,0,0,1,1,0,1,0,0,1,0,,0,,0,,0,,1,50.0,0,,0,,0,,1,0,0,0,0,1,0,1,0,1,0,0,0,1,0,0,0,0,0,0,0,0,0,0,0,0,0,0,0,0,0,0,0,0,0,0,0,0,0,0.145113449,0.295304237,0.524286301,0.030233227,0.002490638,0.002572148,August
NMAW009,2019-08-29 17:15:00,0,0,0,0,1,0,0,0,0,0,maws035,25.730633333333333,91.20291666666667,1003,0,1,0,0,0,1,1,0,1,0,0,1,1,25.0,0,,0,,0,,1,50.0,0,,0,,0,,1,0,0,0,0,1,0,1,0,0,1,0,0,1,0,0,0,0,0,0,0,0,0,0,0,0,0,0,0,0,0,0,0,0,0,0,0,0,0,0.064201975,0.19759983,0.676145656,0.059991259,0.001125298,0.000935981,August
NMAW010,2019-08-29 17:30:00,0,0,0,0,1,0,0,0,0,0,maws012,25.72835,91.2165,1051,0,0,1,0,0,1,1,0,1,0,0,1,12,25.0,0,,0,,0,,0,,0,,0,,0,,1,0,0,0,0,1,0,0,1,0,1,0,0,1,0,0,0,0,0,0,0,0,0,0,0,0,0,0,0,0,0,0,0,0,0,0,0,0,0,0.191838034,0.334143823,0.42027628,0.033088953,0.017418508,0.003234402,August
NMAW011,2019-08-29 17:45:00,0,0,0,0,1,0,0,0,0,0,maws027,25.729583333333334,91.20736666666667,1106,0,0,1,0,0,1,1,0,1,0,0,1,0,,1,25.0,0,,0,,1,25.0,0,,0,,0,,1,0,0,0,0,1,0,1,0,0,1,0,0,1,0,0,0,0,0,0,0,0,0,0,0,0,0,0,0,0,0,0,0,0,0,0,0,0,0,0.165070376,0.335052787,0.462414685,0.031244141,0.003410167,0.002807845,August
NMAW013,2019-08-30 16:14:00,0,0,0,0,1,0,0,0,0,0,maws041,25.728616666666667,91.21696666666666,1064,0,0,1,0,0,1,1,0,0,0,1,1,2,25.0,0,,0,,0,,0,,0,,0,,0,,1,0,0,0,0,0,1,1,0,0,1,0,0,1,0,0,0,0,0,0,0,0,0,0,0,0,0,0,4,0,0,0,2,0,0,0,0,0,0,0.1864227,0.336562856,0.4197543,0.036537482,0.017343468,0.003379193,August
NMAW014,2019-08-30 16:20:00,0,0,0,0,1,0,0,0,0,0,maws037,25.73,91.22496666666666,1045,1,0,0,0,0,1,1,0,0,0,1,1,4,25.0,0,,0,,0,,0,,0,,0,,0,,1,0,0,0,0,0,1,1,0,0,1,0,0,1,0,0,0,0,0,0,0,0,0,0,0,0,0,0,0,0,0,0,0,0,0,0,0,0,0,0.122009755,0.31047195,0.429414868,0.134284751,0.003034521,0.000784156,August
NMAW015,2019-08-30 16:30:00,0,0,0,0,1,0,0,0,0,0,maws060,25.7304,91.2255,1045,0,0,1,0,0,1,1,0,1,0,0,1,6,25.0,0,,0,,0,,0,,0,,0,,0,,1,0,0,0,0,0,1,1,0,0,1,0,0,1,0,0,0,0,0,0,0,0,0,0,0,0,0,0,3,1,0,0,2,0,0,0,0,0,0,0.120385008,0.308914064,0.425545296,0.141612283,0.002878293,0.000665056,August
NMAW016,2019-08-30 16:45:00,0,0,0,0,1,0,0,0,0,0,maws066,25.72845,91.20639,999,0,1,0,0,0,1,1,0,1,0,0,1,4,25.0,0,,0,,0,,0,,0,,0,,0,,1,0,0,0,0,0,1,1,0,0,1,0,0,1,0,0,0,0,0,0,0,0,0,0,0,0,0,0,2,1,0,0,1,0,0,0,0,0,0,0.16526558,0.308679946,0.493076726,0.027828411,0.002607375,0.002541962,August
NMAW020,2019-08-31 16:21:00,0,0,0,0,1,0,0,0,0,0,maws074,25.7291,91.20601666666667,1101,0,1,0,0,0,1,1,0,1,0,0,1,0,,0,,0,,0,,1,50.0,0,,0,,0,,1,0,0,0,0,0,1,1,0,0,1,0,0,1,0,0,0,0,0,0,0,0,0,0,0,0,0,0,3,1,0,0,1,0,1,0,0,0,0,0.145113449,0.295304237,0.524286301,0.030233227,0.002490638,0.002572148,August
NMAW021,2019-08-31 16:29:00,0,0,0,0,1,0,0,0,0,0,maws035,25.730633333333333,91.20291666666667,1003,0,1,0,0,0,1,1,0,1,0,0,1,1,25.0,0,,0,,0,,1,50.0,0,,0,,0,,1,0,0,0,0,0,1,1,0,0,1,0,0,1,0,0,0,0,0,0,0,0,0,0,0,0,0,0,1,0,0,0,0,0,0,0,0,0,0,0.064201975,0.19759983,0.676145656,0.059991259,0.001125298,0.000935981,August
NMAW023,2019-08-31 16:45:00,0,0,0,0,1,0,0,0,0,0,maws023,25.729583333333334,91.20736666666667,1106,0,0,1,0,0,1,1,0,1,0,0,1,0,,1,25.0,0,,0,,1,25.0,0,,0,,0,,1,0,0,0,0,0,1,1,0,0,1,0,0,1,0,0,0,0,0,0,0,0,0,0,0,0,0,0,0,0,0,0,0,0,0,0,0,0,0,0.165070376,0.335052787,0.462414685,0.031244141,0.003410167,0.002807845,August
NNON001,2018-06-11 13:52:00,0,0,0,0,0,1,0,0,0,0,nong019,25.685200000000002,91.1825,1164,0,0,1,0,0,1,1,1,0,0,0,1,5,50.0,0,,0,,0,,0,,0,,0,,1,25.0,1,0,0,1,0,0,0,1,0,0,1,0,0,1,0,0,0,0,0,0,0,0,0,0,0,0,0,0,0,0,0,0,0,0,0,0,0,0,0,0.341268451,0.326696669,0.241449651,0.010062725,0.059949416,0.020573088,June
NNON002,2018-06-11 14:10:00,0,0,0,0,0,1,0,0,0,0,nong018,25.685466666666667,91.18245,1172,0,0,1,0,0,1,1,0,0,0,1,1,10,25.0,0,,1,25.0,0,,0,,0,,0,,0,,1,0,0,1,0,0,0,1,0,0,1,0,0,1,0,0,0,0,0,0,0,0,0,0,0,0,0,0,0,0,0,0,0,0,0,0,0,0,0,0.344621558,0.323570967,0.237956183,0.009548923,0.062759858,0.021542511,June
NNON003,2018-06-11 14:40:00,0,0,0,0,0,1,0,0,0,0,nong030,25.6855,91.18393333333333,1196,0,0,1,0,0,1,1,0,0,0,0,1,5,25.0,0,,0,,0,,0,,0,,0,,1,25.0,1,0,0,1,0,0,0,1,0,0,1,0,0,1,0,0,0,0,0,0,0,0,0,0,0,0,0,0,5,2,1,0,2,0,0,0,0,0,0,0.316152449,0.342244483,0.263903634,0.01398924,0.047887694,0.0158225,June
NNON004,2018-06-11 14:59:00,0,0,0,0,0,1,0,0,0,0,nong035,25.6855,91.18393333333333,1196,0,0,1,0,0,1,1,0,0,0,0,1,10,25.0,0,,0,,0,,0,,0,,0,,1,25.0,1,0,0,1,0,0,0,1,0,0,1,0,0,1,0,0,0,0,0,0,0,0,0,0,0,0,0,0,0,0,0,0,0,0,0,0,0,0,0,0.316152449,0.342244483,0.263903634,0.01398924,0.047887694,0.0158225,June
NNON005,2018-06-11 15:14:00,0,0,0,0,0,1,0,0,0,0,nong032,25.6855,91.18393333333333,1196,0,0,1,0,0,1,0,0,0,0,0,1,2,25.0,0,,1,25.0,0,,4,25.0,0,,0,,1,50.0,1,0,0,1,0,0,0,1,0,0,1,0,0,1,0,0,0,0,0,0,0,0,0,0,0,0,0,0,38,2,5,0,23,0,0,0,0,5,0,0.316152449,0.342244483,0.263903634,0.01398924,0.047887694,0.0158225,June
NNON006,2018-06-11 15:24:00,0,0,0,0,0,1,0,0,0,0,nong034,25.68585,91.18415,1205,0,0,1,0,0,1,1,0,0,0,0,1,10,25.0,0,,1,25.0,0,,1,100.0,0,,0,,2,25.0,1,0,0,1,0,0,0,1,0,0,1,0,0,1,1,1,0,0,0,0,0,0,0,0,0,0,0,0,0,0,0,0,0,0,0,0,0,0,0,0.310783074,0.344608541,0.268760287,0.014531054,0.046038772,0.015278273,June
NNON007,2018-06-11 15:38:00,0,0,0,0,0,1,0,0,0,0,nong033,25.684933333333333,91.18403333333333,1184,0,1,0,0,0,1,1,0,0,0,1,1,12,25.0,0,,2,25.0,0,,0,,0,,0,,1,25.0,1,0,0,1,0,0,0,1,0,0,0,1,0,1,0,0,0,0,0,0,0,0,0,0,0,0,0,0,0,0,0,0,0,0,0,0,0,0,0,0.310306372,0.348563124,0.267503005,0.014969161,0.044220097,0.014438241,June
NNON008,2018-06-11 15:54:00,0,0,0,0,0,1,0,0,0,0,nong016,25.685483333333334,91.1819,1179,0,0,1,0,0,1,0,1,0,0,0,1,9,25.0,0,,0,,0,,0,,0,,0,,1,25.0,1,0,0,1,0,0,0,1,0,0,1,0,0,1,1,1,0,0,0,0,0,0,0,0,0,0,0,0,0,0,0,0,0,0,0,0,0,0,0,0.352576428,0.319250329,0.230129965,0.008264732,0.066347917,0.023430629,June
NNON017,2018-07-11 15:32:00,0,0,0,0,0,1,0,0,0,0,nong029,25.68525,91.1672,1183,0,0,1,0,0,1,1,0,0,0,1,1,10,25.0,0,,0,,0,,0,,0,,0,,1,25.0,1,0,0,1,0,0,0,1,0,0,0,1,0,1,0,0,0,0,0,0,0,0,0,0,0,0,0,0,1,0,0,0,0,0,0,0,0,0,0,0.108844922,0.351547775,0.525073901,0.011616959,0.002741745,0.000174698,July
NNON018,2018-07-11 15:44:00,0,0,0,0,0,1,0,0,0,0,nong195,25.68415,91.18326666666667,1148,0,0,1,0,0,1,1,0,0,0,0,1,10,25.0,0,,1,25.0,3,100.0,1,50.0,0,,0,,1,25.0,1,0,0,1,0,0,0,1,0,0,1,0,0,1,0,0,0,0,0,0,0,0,0,0,0,0,0,0,0,0,0,0,0,0,0,0,0,0,0,0.313981389,0.349744995,0.263568934,0.013030062,0.044543355,0.015131265,July
NNON019,2018-07-11 17:16:00,0,0,0,0,0,1,0,0,0,0,nong105,25.684933333333333,91.18261666666666,1162,0,1,0,0,0,1,1,1,0,0,0,1,5,25.0,0,,1,25.0,0,,0,,0,,0,,1,25.0,1,0,0,1,0,0,0,1,0,0,1,0,0,1,0,0,0,0,0,0,0,0,0,0,0,0,0,0,1,0,0,0,0,0,0,0,0,0,0,0.336412581,0.33143746,0.246155333,0.010615287,0.056052229,0.019327111,July
NNON020,2018-07-11 16:04:00,0,0,0,0,0,1,0,0,0,0,nong155,25.68405,91.18208333333334,1150,0,0,1,0,0,1,1,0,0,0,1,1,15,25.0,0,,1,25.0,0,,0,,0,,0,,1,25.0,1,0,0,1,0,0,0,1,0,0,0,1,0,1,0,0,0,0,0,0,0,0,0,0,0,0,0,0,0,0,0,0,0,0,0,0,0,0,0,0.328075915,0.341919332,0.252015212,0.009851498,0.049790601,0.018347441,July
NNON021,2018-07-11 16:10:00,0,0,0,0,0,1,0,0,0,0,nong01,25.683683333333335,91.18193333333333,1150,0,0,1,0,0,1,1,0,0,0,0,1,15,25.0,0,,1,25.0,0,,0,,0,,0,,1,25.0,1,0,0,1,0,0,0,1,0,0,0,1,0,1,0,0,0,0,0,0,0,0,0,0,0,0,0,0,0,0,0,0,0,0,0,0,0,0,0,0.319609028,0.349312138,0.257598718,0.009864661,0.046225851,0.017389604,July
NNON022,2018-07-11 16:21:00,0,0,0,0,0,1,0,0,0,0,nong154,25.683233333333334,91.18238666666667,1159,0,1,0,0,0,1,1,0,1,0,0,1,10,25.0,0,,1,25.0,0,,0,,0,,0,,1,25.0,1,0,0,1,0,0,0,1,0,0,0,1,0,1,0,0,0,0,0,0,0,0,0,0,0,0,0,0,0,0,0,0,0,0,0,0,0,0,0,0.301214987,0.36334196,0.270180999,0.01100699,0.039526219,0.014728844,July
NNON023,2018-07-11 16:53:00,0,0,0,0,0,1,0,0,0,0,nong100,25.68495,91.18126666666667,1164,0,0,1,0,0,1,1,0,0,0,0,1,3,25.0,0,,0,,0,,0,,0,,0,,0,,1,0,0,1,0,0,0,1,0,0,0,1,0,1,0,0,0,0,0,0,0,0,0,0,0,0,0,0,0,0,0,0,0,0,0,0,0,0,0,0.353546409,0.322997889,0.229537238,0.007531852,0.062660996,0.023725617,July
NNON025,2019-08-19 17:34:00,0,0,0,0,0,1,0,0,0,0,nong034,25.68585,91.18408333333333,1209,0,0,1,0,0,1,1,0,1,0,0,1,10,25.0,0,,0,,0,,1,50.0,0,,0,,0,,1,0,0,1,0,0,0,0,1,0,1,0,0,1,0,0,0,0,0,0,0,0,0,0,0,0,0,0,0,0,0,0,0,0,0,0,0,0,0,0.312979523,0.343218018,0.266947745,0.014191675,0.047031093,0.015631945,August
NNON026,2019-08-19 17:43:00,0,0,0,0,0,1,0,0,0,0,nong035,25.68575,91.18361666666667,1205,0,0,1,0,0,1,1,0,0,1,0,1,4,25.0,0,,0,,0,,0,,0,,0,,0,,1,0,0,1,0,0,0,0,1,0,1,0,0,1,0,0,0,0,0,0,0,0,0,0,0,0,0,0,0,0,0,0,0,0,0,0,0,0,0,0.323282223,0.336836005,0.258061006,0.012702239,0.051810807,0.01730772,August
NNON028,2019-08-19 18:28:00,0,0,0,0,0,1,0,0,0,0,nong131,25.684266666666666,91.18266666666666,1172,0,1,0,0,0,1,1,0,1,0,0,1,8,25.0,0,,1,25.0,0,,0,,0,,0,,0,,1,0,0,1,0,0,0,0,1,0,1,0,0,1,0,0,0,0,0,0,0,0,0,0,0,0,0,0,0,0,0,0,0,0,0,0,0,0,0,0.32577122,0.341296633,0.25480586,0.011307471,0.049510494,0.017308323,August
NNON029,2019-08-19 18:46:00,0,0,0,0,0,1,0,0,0,0,nong020,25.68476666666667,91.18275,1082,0,0,1,0,0,1,1,0,1,0,0,1,10,50.0,0,,3,25.0,0,,0,,0,,0,,0,,1,0,0,1,0,0,0,0,1,0,1,0,0,1,0,0,0,0,0,0,0,0,0,0,0,0,0,0,0,0,0,0,0,0,0,0,0,0,0,0.333880473,0.333470642,0.24839013,0.010935847,0.054549472,0.018773436,August
NNON030,2019-08-19 18:55:00,0,0,0,0,0,1,0,0,0,0,nong030,25.685583333333334,91.18183333333333,1167,0,1,0,1,0,0,0,0,1,0,0,1,10,25.0,0,,0,,0,,0,,0,,0,,0,,1,0,0,1,0,0,0,0,1,0,1,0,0,1,1,0,0,0,0,1,0,1,0,0,0,0,1,0,0,0,0,0,0,0,0,0,0,0,0,0.353130242,0.318581813,0.229407517,0.008181,0.067063941,0.023635486,August
NNON032,2019-08-19 19:35:00,0,0,0,0,0,1,0,0,0,0,nong101,25.68551666666667,91.17371666666666,1190,0,0,1,0,0,1,1,0,1,0,0,1,5,25.0,0,,0,,0,,0,,0,,0,,0,,1,0,0,1,0,0,0,0,1,0,1,0,0,1,0,0,0,0,0,0,0,0,0,0,0,0,0,0,0,0,0,0,0,0,0,0,0,0,0,0.202516848,0.402253624,0.361647034,0.011600782,0.012776206,0.009205507,August
NNON035,2019-08-20 18:16:00,0,0,0,0,0,1,0,0,0,0,nong014,25.6849,91.18136666666666,1142,0,0,1,0,0,1,1,0,0,0,1,1,9,25.0,0,,0,,0,,0,,0,,0,,0,,1,0,0,0,0,1,0,0,1,0,1,0,0,1,0,0,0,0,0,0,0,0,0,0,0,0,0,0,0,0,0,0,0,0,0,0,0,0,0,0.351006052,0.324415573,0.232178371,0.007905242,0.061500947,0.022993815,August
NNON036,2019-08-20 18:31:00,0,0,0,0,0,1,0,0,0,0,nong155,25.683483333333335,91.18208333333334,1161,1,0,0,0,0,1,1,0,0,0,1,1,16,25.0,0,,0,,0,,0,,0,,0,,0,,1,0,0,0,0,1,0,0,1,0,1,0,0,1,0,0,0,0,0,0,0,0,0,0,0,0,0,0,2,0,0,0,1,0,0,0,0,0,0,0.311217827,0.355857162,0.263335288,0.010223884,0.043099981,0.016265858,August
NNON037,2019-08-20 18:46:00,0,0,0,0,0,1,0,0,0,0,nong019,25.685233333333333,91.18248333333334,1167,0,0,1,0,0,1,1,0,0,0,1,1,0,,0,,0,,0,,1,50.0,0,,0,,0,,1,0,0,0,0,1,0,0,1,0,1,0,0,1,0,0,0,0,0,0,0,0,0,0,0,0,0,0,0,0,0,0,0,0,0,0,0,0,0,0.341268473,0.326696653,0.24144965,0.010062725,0.059949411,0.020573088,August
NNON038,2019-08-20 18:51:00,0,0,0,0,0,1,0,0,0,0,nong018,25.685483333333334,91.18243333333334,1172,0,0,1,0,0,1,1,0,0,0,1,1,5,25.0,0,,0,,0,,0,,0,,0,,0,,1,0,0,0,0,1,0,0,1,0,1,0,0,1,0,0,0,0,0,0,0,0,0,0,0,0,0,0,0,0,0,0,0,0,0,0,0,0,0,0.34462155,0.323570964,0.237956192,0.009548926,0.062759857,0.02154251,August
NNON040,2019-08-20 19:06:00,0,0,0,0,0,1,0,0,0,0,nong029,25.685233333333333,91.18381666666667,1183,0,0,1,0,0,1,1,0,1,0,0,1,5,25.0,0,,0,,0,,0,,0,,0,,0,,1,0,0,0,0,1,0,0,1,0,1,0,0,1,0,0,0,0,0,0,0,0,0,0,0,0,0,0,0,0,0,0,0,0,0,0,0,0,0,0.316773766,0.342821847,0.263018235,0.013966505,0.047690715,0.015728932,August
NNON041,2019-08-20 19:15:00,0,0,0,0,0,1,0,0,0,0,nong030,25.685483333333334,91.18381666666667,1199,0,0,1,0,0,1,1,0,1,0,0,1,0,,0,,0,,0,,1,50.0,0,,0,,0,,1,0,0,0,0,1,0,0,1,0,1,0,0,1,0,0,0,0,0,0,0,0,0,0,0,0,0,0,0,0,0,0,0,0,0,0,0,0,0,0.318225638,0.340905043,0.262183769,0.01366395,0.048848182,0.016173417,August
NNON045,2019-08-21 17:41:00,0,0,0,0,0,1,0,0,0,0,nong034,25.68585,91.18408333333333,1209,0,0,1,0,0,1,1,0,1,0,0,1,10,50.0,0,,0,,0,,1,50.0,0,,0,,0,,1,0,0,0,0,0,1,0,1,0,1,0,0,1,0,0,0,0,0,0,0,0,0,0,0,0,0,0,0,0,0,0,0,0,0,0,0,0,0,0.312979523,0.343218018,0.266947745,0.014191675,0.047031093,0.015631945,August
NNON046,2019-08-21 17:50:00,0,0,0,0,0,1,0,0,0,0,nong035,25.685683333333333,91.18361666666667,1205,0,0,1,0,0,1,1,0,0,1,0,1,4,25.0,0,,0,,0,,0,,0,,0,,0,,1,0,0,0,0,0,1,0,1,0,1,0,0,1,0,0,0,0,0,0,0,0,0,0,0,0,0,0,0,0,0,0,0,0,0,0,0,0,0,0.322992771,0.337265902,0.2582617,0.012815678,0.051493935,0.017170015,August
NNON048,2019-08-21 17:59:00,0,0,0,0,0,1,0,0,0,0,nong131,25.684266666666666,91.18266666666666,1172,0,1,0,0,0,1,1,0,1,0,0,1,8,25.0,0,,1,25.0,0,,0,,0,,0,,0,,1,0,0,0,0,0,1,0,1,0,1,0,0,1,0,0,0,0,0,0,0,0,0,0,0,0,0,0,0,0,0,0,0,0,0,0,0,0,0,0.32577122,0.341296633,0.25480586,0.011307471,0.049510494,0.017308323,August
NNON049,2019-08-21 18:10:00,0,0,0,0,0,1,0,0,0,0,nong029,25.68476666666667,91.18275,1082,0,0,1,0,0,1,1,0,1,0,0,1,10,50.0,0,,3,25.0,0,,0,,0,,0,,0,,1,0,0,0,0,0,1,0,1,0,1,0,0,1,0,0,0,0,0,0,0,0,0,0,0,0,0,0,0,0,0,0,0,0,0,0,0,0,0,0.333880473,0.333470642,0.24839013,0.010935847,0.054549472,0.018773436,August
NNON050,2019-08-21 18:15:00,0,0,0,0,0,1,0,0,0,0,nong030,25.685583333333334,91.18183333333333,1167,0,1,0,1,0,0,0,0,1,0,0,1,9,25.0,0,,0,,0,,0,,0,,0,,0,,1,0,0,0,0,0,1,0,1,0,1,0,0,1,0,0,0,0,0,0,0,0,0,0,0,0,0,0,0,0,0,0,0,0,0,0,0,0,0,0.353130242,0.318581813,0.229407517,0.008181,0.067063941,0.023635486,August
NNON052,2019-08-21 18:26:00,0,0,0,0,0,1,0,0,0,0,nong101,25.68551666666667,91.17371666666666,1190,0,0,1,0,0,1,1,0,1,0,0,1,5,25.0,0,,0,,0,,0,,0,,0,,0,,1,0,0,0,0,0,1,0,1,0,1,0,0,1,0,0,0,0,0,0,0,0,0,0,0,0,0,0,0,0,0,0,0,0,0,0,0,0,0,0.202516848,0.402253624,0.361647034,0.011600782,0.012776206,0.009205507,August
NNON056,2019-08-22 18:22:00,0,0,0,0,0,1,0,0,0,0,nong155,25.683483333333335,91.18208333333334,1161,1,0,0,0,0,1,1,0,0,0,1,1,16,25.0,0,,0,,0,,0,,0,,0,,0,,1,0,0,0,0,1,0,0,1,0,1,0,0,1,0,0,0,0,0,0,0,0,0,0,0,0,0,0,0,0,0,0,0,0,0,0,0,0,0,0.311217827,0.355857162,0.263335288,0.010223884,0.043099981,0.016265858,August
NNON057,2019-08-22 18:35:00,0,0,0,0,0,1,0,0,0,0,nong019,25.685233333333333,91.18248333333334,1167,0,0,1,0,0,1,1,0,0,0,1,1,0,,0,,0,,0,,1,50.0,0,,0,,0,,1,0,0,0,0,1,0,0,1,0,1,0,0,1,0,0,0,0,0,0,0,0,0,0,0,0,0,0,0,0,0,0,0,0,0,0,0,0,0,0.341268473,0.326696653,0.24144965,0.010062725,0.059949411,0.020573088,August
NNON058,2019-08-22 18:42:00,0,0,0,0,0,1,0,0,0,0,nong018,25.685483333333334,91.18243333333334,1172,0,0,1,0,0,1,1,0,0,0,1,1,5,25.0,0,,0,,0,,0,,0,,0,,0,,1,0,0,0,0,1,0,0,1,0,1,0,0,1,0,0,0,0,0,0,0,0,0,0,0,0,0,0,0,0,0,0,0,0,0,0,0,0,0,0.34462155,0.323570964,0.237956192,0.009548926,0.062759857,0.02154251,August
NNON060,2019-08-22 19:00:00,0,0,0,0,0,1,0,0,0,0,nong029,25.685233333333333,91.18381666666667,1183,0,0,1,0,0,1,1,0,1,0,0,1,5,25.0,0,,0,,0,,0,,0,,0,,0,,1,0,0,0,0,1,0,0,1,0,1,0,0,1,0,0,0,0,0,0,0,0,0,0,0,0,0,0,0,0,0,0,0,0,0,0,0,0,0,0.316773766,0.342821847,0.263018235,0.013966505,0.047690715,0.015728932,August
NNON061,2019-08-22 19:10:00,0,0,0,0,0,1,0,0,0,0,nong030,25.685483333333334,91.18381666666667,1199,0,0,1,0,0,1,1,0,1,0,0,1,0,,0,,0,,0,,1,50.0,0,,0,,0,,1,0,0,0,0,1,0,0,1,0,1,0,0,1,0,0,0,0,0,0,0,0,0,0,0,0,0,0,0,0,0,0,0,0,0,0,0,0,0,0.318225638,0.340905043,0.262183769,0.01366395,0.048848182,0.016173417,August
NPYN001,2019-05-21 16:20:00,0,0,0,0,0,0,1,0,0,0,pynd006,25.74116666666667,91.19658333333334,1006,0,0,1,0,0,1,1,0,0,0,1,1,5,25.0,0,,0,,0,,0,,0,,0,,0,,1,0,0,1,0,0,0,1,0,0,1,0,0,1,0,0,0,0,0,0,0,0,0,0,0,0,0,0,0,0,0,0,0,0,0,0,0,0,0,0.165364652,0.405931029,0.336680543,0.086041868,0.004142001,0.001839908,May
NPYN002,2019-05-22 17:50:00,0,0,0,0,0,0,1,0,0,0,pynd005,25.733533333333334,91.19576666666667,914,1,0,0,0,0,1,1,0,0,1,0,1,4,25.0,0,,1,25.0,0,,0,,0,,0,,1,25.0,1,0,0,1,0,0,0,1,0,0,1,0,0,1,0,0,0,0,0,0,0,0,0,0,0,0,0,0,0,0,0,0,0,0,0,0,0,0,0,0.097723307,0.351496406,0.459361036,0.090767875,0.000551492,9.99e-05,May
NPYN003,2019-05-21 16:33:00,0,0,0,0,0,0,1,0,0,0,pynd009,25.743316666666665,91.19593333333333,923,0,0,1,0,0,1,1,0,0,0,1,1,4,25.0,0,,0,,0,,0,,0,,0,,0,,1,0,0,1,0,0,0,1,0,0,1,0,0,1,0,0,0,0,0,0,0,0,0,0,0,0,0,0,11,0,0,0,1,0,0,0,0,0,0,0.173790528,0.39054718,0.354074312,0.076883145,0.003091747,0.001613087,May
NPYN004,2019-05-21 17:34:00,0,0,0,0,0,0,1,0,0,0,pynd005,25.733533333333334,91.19576666666667,914,1,0,0,0,0,1,1,0,0,1,0,1,4,25.0,0,,1,,0,,0,,0,,0,,1,25.0,1,0,0,1,0,0,0,1,0,0,1,0,0,1,0,0,0,0,0,0,0,0,0,0,0,0,0,0,0,0,0,0,0,0,0,0,0,0,0,0.097723307,0.351496406,0.459361036,0.090767875,0.000551492,9.99e-05,May
NPYN005,2019-05-21 18:06:00,0,0,0,0,0,0,1,0,0,0,pynd004,25.734083333333334,91.19508333333333,944,0,0,1,0,0,1,1,0,0,0,1,1,3,25.0,0,,1,,0,,0,,0,,0,,0,,1,0,0,1,0,0,0,1,0,0,1,0,0,1,0,0,0,0,0,0,0,0,0,0,0,0,0,0,0,0,0,0,0,0,0,0,0,0,0,0.096704017,0.363957323,0.448287128,0.090348044,0.000562884,0.000140603,May
NPYN006,2019-05-21 18:22:00,0,0,0,0,0,0,1,0,0,0,pynd002,25.749783333333333,91.19555,948,0,0,1,0,0,1,1,0,0,1,0,1,16,100.0,0,,0,,0,,0,,0,,0,,0,,1,0,0,1,0,0,0,1,0,0,1,0,0,1,0,0,0,0,0,0,0,0,0,0,0,0,0,0,5,0,0,0,3,0,0,0,0,0,0,0.087897331,0.311030347,0.570317904,0.02990072,0.000584419,0.00026928,May
NPYN007,2019-05-21 19:28:00,0,0,0,0,0,0,1,0,0,0,pynd003,25.737033333333333,91.19723333333333,944,1,0,0,0,0,1,1,0,0,0,1,1,0,,0,,0,,0,,1,25.0,0,,0,,0,,1,0,0,1,0,0,0,1,0,0,1,0,0,1,0,0,0,0,0,0,0,0,0,0,0,0,0,0,4,3,0,0,0,0,0,0,0,0,0,0.123055215,0.4164124,0.367169612,0.09070228,0.001990353,0.000670139,May
NPYN010,2019-05-22 17:26:00,0,0,0,0,0,0,1,0,0,0,pynd006,25.74116666666667,91.19658333333334,1006,0,0,1,0,0,1,1,0,0,0,1,1,5,25.0,0,,0,,0,,0,,0,,0,,0,,1,0,0,1,0,0,0,1,0,0,1,0,0,1,0,0,0,0,0,0,0,0,0,0,0,0,0,0,0,0,0,0,0,0,0,0,0,0,0,0.165364652,0.405931029,0.336680543,0.086041868,0.004142001,0.001839908,May
NPYN012,2019-05-22 17:40:00,0,0,0,0,0,0,1,0,0,0,pynd004,25.734083333333334,91.19508333333333,944,0,0,1,0,0,1,1,0,0,0,1,1,34,25.0,0,,1,25.0,0,,0,,0,,0,,0,,1,0,0,1,0,0,0,1,0,0,1,0,0,1,0,0,0,0,0,0,0,0,0,0,0,0,0,0,1,0,0,0,0,0,0,0,0,0,0,0.096704017,0.363957323,0.448287128,0.090348044,0.000562884,0.000140603,May
NPYN013,2019-05-22 18:15:00,0,0,0,0,0,0,1,0,0,0,pynd002,25.749783333333333,91.19555,948,0,0,1,0,0,1,1,0,0,1,0,1,16,100.0,0,,0,,0,,0,,0,,0,,0,,1,0,0,1,0,0,0,1,0,0,1,0,0,1,0,0,0,0,0,0,0,0,0,0,0,0,0,0,0,0,0,0,0,0,0,0,0,0,0,0.087897331,0.311030347,0.570317904,0.02990072,0.000584419,0.00026928,May
NPYN014,2019-05-22 18:25:00,0,0,0,0,0,0,1,0,0,0,pynd003,25.737033333333333,91.19723333333333,944,1,0,0,0,0,1,1,0,0,0,1,1,0,,0,,0,,0,,1,25.0,0,,0,,0,,1,0,0,1,0,0,0,1,0,0,1,0,0,1,0,0,0,0,0,0,0,0,0,0,0,0,0,0,0,0,0,0,0,0,0,0,0,0,0,0.123055215,0.4164124,0.367169612,0.09070228,0.001990353,0.000670139,May
NSIA002,2019-04-23 18:04:00,0,0,0,0,0,0,0,1,0,0,sian004,25.655033333333332,91.17948333333334,1133,0,0,1,0,0,1,1,0,0,0,1,1,10,25.0,0,,0,,0,,0,,0,,0,,1,25.0,0,0,1,1,0,0,0,0,1,0,1,0,0,1,0,0,0,0,0,0,0,0,0,0,0,0,0,0,0,0,0,0,0,0,0,0,0,0,0,0.249061355,0.449509526,0.265323332,0.00576747,0.019956244,0.010382073,April
NSIA004,2019-04-23 18:48:00,0,0,0,0,0,0,0,1,0,0,sian020,25.655966666666668,91.18093333333333,1131,0,0,1,0,0,1,1,0,0,0,1,1,7,25.0,0,,2,25.0,0,,0,,0,,0,,1,25.0,1,0,0,1,0,0,0,0,1,0,1,0,0,1,0,0,0,0,0,0,0,0,0,0,0,0,0,0,1,0,1,0,0,0,0,0,0,0,0,0.217315071,0.456669096,0.290152382,0.010051902,0.01728659,0.00852496,April
NSIA005,2019-04-23 18:56:00,0,0,0,0,0,0,0,1,0,0,sian005,25.656166666666667,91.17968333333333,1140,0,0,1,0,0,1,1,0,0,0,1,1,20,25.0,0,,0,,0,,0,,0,,0,,1,25.0,0,0,1,1,0,0,0,0,1,0,1,0,0,1,1,1,0,0,0,0,0,0,0,0,0,0,0,0,2,1,1,0,0,0,0,0,0,0,0,0.239555346,0.468636993,0.253380864,0.008733273,0.020299336,0.009394189,April
NSIA007,2019-04-23 19:41:00,0,0,0,0,0,0,0,1,0,0,sian016,25.653883333333333,91.17876666666666,1140,0,0,1,0,0,1,1,0,0,0,1,1,2,25.0,0,,1,25.0,0,,0,,0,,0,,1,25.0,1,0,0,1,0,0,0,0,1,0,1,0,0,1,0,0,0,0,0,0,0,0,0,0,0,0,0,0,0,0,0,0,0,0,0,0,0,0,0,0.254590946,0.445051438,0.27182908,0.00311154,0.017320308,0.008096688,April
NSIA008,2019-04-23 19:55:00,0,0,0,0,0,0,0,1,0,0,sian000,25.65426666666667,91.17868333333334,1132,0,0,1,0,0,1,1,0,0,0,1,1,2,25.0,0,,0,,0,,1,25.0,0,,0,,0,,1,0,0,1,0,0,0,0,1,0,1,0,0,1,0,0,0,0,0,0,0,0,0,0,0,0,0,0,0,0,0,0,0,0,0,0,0,0,0,0.256869278,0.448538066,0.264151776,0.003611728,0.018300096,0.008529056,April
NSIA009,2019-04-23 20:31:00,0,0,0,0,0,0,0,1,0,0,sian999,25.654733333333333,91.18006666666666,1154,0,0,1,0,0,1,1,0,0,0,1,1,3,25.0,0,,3,25.0,0,,0,,0,,0,,1,25.0,1,0,0,1,0,0,0,0,1,0,1,0,0,1,0,0,0,0,0,0,0,0,0,0,0,0,0,0,0,0,0,0,0,0,0,0,0,0,0,0.238853974,0.440601904,0.287243296,0.005445434,0.018152483,0.00970291,April
NSIA010,2019-04-23 20:44:00,0,0,0,0,0,0,0,1,0,0,sian017,25.655233333333335,91.17986666666667,1160,0,1,0,0,0,1,1,0,0,0,1,1,10,25.0,0,,0,,0,,0,,0,,0,,0,,1,0,0,1,0,0,0,0,1,0,1,0,0,1,0,0,0,0,0,0,0,0,0,0,0,0,0,0,4,0,3,0,0,0,0,0,0,0,0,0.243004991,0.449300025,0.271263508,0.006501129,0.01960708,0.010323267,April
NSIA011,2019-04-24 16:11:00,0,0,0,0,0,0,0,1,0,0,sian026,25.6557,91.1787,1135,0,1,0,0,0,1,1,0,0,0,1,1,0,,0,,0,,0,,1,25.0,0,,0,,0,,1,0,0,1,0,0,0,0,1,0,1,0,0,1,0,0,0,0,0,0,0,0,0,0,0,0,0,0,4,1,1,0,0,0,0,0,0,0,0,0.25278483,0.465498078,0.244378523,0.006487798,0.021432996,0.009417775,April
NSIA012,2019-04-24 16:20:00,0,0,0,0,0,0,0,1,0,0,sian011,25.655483333333333,91.17833333333333,1143,0,0,1,0,0,1,1,0,0,0,1,1,1,25.0,0,,0,,0,,0,,0,,0,,0,,1,0,0,1,0,0,0,0,1,0,1,0,0,1,0,0,0,0,0,0,0,0,0,0,0,0,0,0,0,0,0,0,0,0,0,0,0,0,1,0.255050959,0.465158402,0.243650392,0.005928386,0.021152597,0.009059264,April
NSIA013,2019-04-24 16:33:00,0,0,0,0,0,0,0,1,0,0,sian012,25.655566666666665,91.17851666666667,1145,0,1,0,1,0,0,0,0,0,0,1,1,10,25.0,0,,0,,0,,0,,0,,0,,0,,1,0,0,1,0,0,0,0,1,0,1,0,0,1,0,0,0,0,0,0,0,0,0,0,0,0,0,0,0,0,0,0,0,0,0,0,0,0,0,0.254139574,0.465623391,0.243583426,0.006170342,0.021305608,0.009177659,April
NSIA014,2019-04-24 16:44:00,0,0,0,0,0,0,0,1,0,0,sian002,25.655933333333333,91.17853333333333,1158,0,0,1,0,0,1,0,0,0,0,1,1,5,25.0,0,,1,25.0,0,,0,,0,,0,,1,25.0,1,0,0,1,0,0,0,0,1,0,1,0,0,1,0,0,0,0,0,0,0,0,0,0,0,0,0,0,0,0,0,0,0,0,0,0,0,0,0,0.250652995,0.470424119,0.241774627,0.006997851,0.021111274,0.009039133,April
NSIA015,2019-04-24 17:06:00,0,0,0,0,0,0,0,1,0,0,sian036,25.655583333333333,91.17953333333334,1134,0,1,0,0,0,1,0,0,0,0,1,1,3,25.0,0,,0,,0,,0,,0,,0,,0,,1,0,0,1,0,0,0,0,1,0,1,0,0,1,0,0,0,0,0,0,0,0,0,0,0,0,0,0,0,0,0,0,0,0,0,0,0,0,0,0.247041205,0.457796967,0.257153633,0.006989579,0.020753609,0.010265007,April
NSIA016,2019-04-24 17:19:00,0,0,0,0,0,0,0,1,0,0,sian010,25.656233333333333,91.17926666666666,1139,0,1,0,0,0,1,1,0,0,0,1,1,8,25.0,0,,1,25.0,0,,0,,0,,0,,0,,1,0,0,1,0,0,0,0,1,0,1,0,0,1,0,0,0,0,0,0,0,0,0,0,0,0,0,0,0,0,0,0,0,0,0,0,0,0,0,0.242229615,0.47253315,0.246925298,0.008526141,0.020543685,0.00924211,April
NSIA017,2019-04-24 17:41:00,0,0,0,0,0,0,0,1,0,0,sian007,25.65625,91.17948333333334,1144,0,0,1,0,0,1,1,0,0,0,1,1,0,,0,,1,25.0,0,,0,,0,,0,,0,,1,0,0,1,0,0,0,0,1,0,1,0,0,1,0,0,0,0,0,0,0,0,0,0,0,0,0,0,0,0,0,0,0,0,0,0,0,0,0,0.240499332,0.471537,0.249544989,0.008738155,0.020411703,0.00926882,April
NSIA019,2019-04-24 18:23:00,0,0,0,0,0,0,0,1,0,0,sian032,25.652916666666666,91.17955,1157,0,0,1,0,0,1,1,0,0,0,1,1,5,25.0,0,,1,25.0,0,,0,,0,,0,,0,,1,0,0,1,0,0,0,0,1,0,1,0,0,1,0,0,0,0,0,0,0,0,0,0,0,0,0,0,0,0,0,0,0,0,0,0,0,0,0,0.228797044,0.430307694,0.318657607,0.002051028,0.013660912,0.006525715,April
NSIA022,2019-04-25 15:15:00,0,0,0,0,0,0,0,1,0,0,sian004,25.655033333333332,91.17948333333334,1133,0,0,1,0,0,1,1,0,0,0,1,1,10,25.0,0,,0,,0,,0,,0,,0,,1,25.0,0,0,1,1,0,0,0,0,1,0,1,0,0,1,0,0,0,0,0,0,0,0,0,0,0,0,0,0,0,0,0,0,0,0,0,0,0,0,0,0.249061355,0.449509526,0.265323332,0.00576747,0.019956244,0.010382073,April
NSIA024,2019-04-25 15:31:00,0,0,0,0,0,0,0,1,0,0,sian020,25.655966666666668,91.18093333333333,1131,0,0,1,0,0,1,1,0,0,0,1,1,7,25.0,0,,2,25.0,0,,0,,0,,0,,1,25.0,1,0,0,1,0,0,0,0,1,0,1,0,0,1,0,0,0,0,0,0,0,0,0,0,0,0,0,0,0,0,0,0,0,0,0,0,0,0,0,0.217315071,0.456669096,0.290152382,0.010051902,0.01728659,0.00852496,April
NSIA025,2019-04-25 15:45:00,0,0,0,0,0,0,0,1,0,0,sian005,25.656166666666667,91.17968333333333,1140,0,0,1,0,0,1,1,0,0,0,1,1,20,25.0,0,,0,,0,,0,,0,,0,,1,25.0,0,0,1,1,0,0,0,0,1,0,1,0,0,1,1,1,0,0,0,0,0,0,0,0,0,0,0,0,0,0,0,0,0,0,0,0,0,0,0,0.239555346,0.468636993,0.253380864,0.008733273,0.020299336,0.009394189,April
NSIA027,2019-04-25 16:28:00,0,0,0,0,0,0,0,1,0,0,sian016,25.653883333333333,91.17876666666666,1140,0,0,1,0,0,1,1,0,0,0,1,1,2,25.0,0,,1,25.0,0,,0,,0,,0,,1,25.0,1,0,0,1,0,0,0,0,1,0,1,0,0,1,0,0,0,0,0,0,0,0,0,0,0,0,0,0,0,0,0,0,0,0,0,0,0,0,0,0.254590946,0.445051438,0.27182908,0.00311154,0.017320308,0.008096688,April
NSIA028,2019-04-25 16:58:00,0,0,0,0,0,0,0,1,0,0,sian000,25.65426666666667,91.17868333333334,1132,0,0,1,0,0,1,1,0,0,0,1,1,2,25.0,0,,0,,0,,1,25.0,0,,0,,0,,1,0,0,1,0,0,0,0,1,0,1,0,0,1,0,0,0,0,0,0,0,0,0,0,0,0,0,0,0,0,0,0,0,0,0,0,0,0,0,0.256869278,0.448538066,0.264151776,0.003611728,0.018300096,0.008529056,April
NSIA029,2019-04-25 17:12:00,0,0,0,0,0,0,0,1,0,0,sian999,25.654733333333333,91.18006666666666,1154,0,0,1,0,0,1,1,0,0,0,1,1,3,25.0,0,,3,25.0,0,,0,,0,,0,,1,25.0,1,0,0,1,0,0,0,0,1,0,1,0,0,1,0,0,0,0,0,0,0,0,0,0,0,0,0,0,0,0,0,0,0,0,0,0,0,0,0,0.238853974,0.440601904,0.287243296,0.005445434,0.018152483,0.00970291,April
NSIA030,2019-04-25 17:31:00,0,0,0,0,0,0,0,1,0,0,sian017,25.655233333333335,91.17986666666667,1160,0,0,1,0,0,1,1,0,0,0,1,1,10,25.0,0,,0,,0,,0,,0,,0,,0,,1,0,0,1,0,0,0,0,1,0,1,0,0,1,0,0,0,0,0,0,0,0,0,0,0,0,0,0,0,0,0,0,0,0,0,0,0,0,0,0.243004991,0.449300025,0.271263508,0.006501129,0.01960708,0.010323267,April
NSIA031,2019-04-26 16:15:00,0,0,0,0,0,0,0,1,0,0,sian026,25.6557,91.1787,1135,0,1,0,0,0,1,1,0,0,0,1,1,0,,0,,0,,0,,1,25.0,0,,0,,0,,1,0,0,1,0,0,0,0,1,0,1,0,0,1,0,0,0,0,0,0,0,0,0,0,0,0,0,0,1,0,0,0,0,0,0,0,0,0,0,0.25278483,0.465498078,0.244378523,0.006487798,0.021432996,0.009417775,April
NSIA032,2019-04-26 16:20:00,0,0,0,0,0,0,0,1,0,0,sian011,25.655483333333333,91.17833333333333,1143,0,0,1,0,0,1,1,0,0,0,1,1,1,25.0,0,,0,,0,,0,,0,,0,,0,,1,0,0,1,0,0,0,0,1,0,1,0,0,1,0,0,0,0,0,0,0,0,0,0,0,0,0,0,0,0,0,0,0,0,0,0,0,0,0,0.255050959,0.465158402,0.243650392,0.005928386,0.021152597,0.009059264,April
NSIA033,2019-04-26 16:33:00,0,0,0,0,0,0,0,1,0,0,sian012,25.655566666666665,91.17851666666667,1145,0,1,0,1,0,0,0,0,0,0,1,1,1,25.0,0,,0,,0,,0,,0,,0,,0,,1,0,0,1,0,0,0,0,1,0,1,0,0,1,0,0,0,0,0,0,0,0,0,0,0,0,0,0,0,0,0,0,0,0,0,0,0,0,0,0.254139574,0.465623391,0.243583426,0.006170342,0.021305608,0.009177659,April
NSIA034,2019-04-26 16:40:00,0,0,0,0,0,0,0,1,0,0,sian002,25.655933333333333,91.17853333333333,1158,0,0,1,0,0,1,0,0,0,0,1,1,5,25.0,0,,1,25.0,0,,0,,0,,0,,1,25.0,1,0,0,1,0,0,0,0,1,0,1,0,0,1,0,0,0,0,0,0,0,0,0,0,0,0,0,0,0,0,0,0,0,0,0,0,0,0,0,0.250652995,0.470424119,0.241774627,0.006997851,0.021111274,0.009039133,April
NSIA035,2019-04-26 16:50:00,0,0,0,0,0,0,0,1,0,0,sian036,25.655583333333333,91.17953333333334,1134,0,1,0,0,0,1,0,0,0,0,1,1,3,25.0,0,,0,,0,,0,,0,,0,,0,,1,0,0,1,0,0,0,0,1,0,1,0,0,1,0,0,0,0,0,0,0,0,0,0,0,0,0,0,0,0,0,0,0,0,0,0,0,0,0,0.247041205,0.457796967,0.257153633,0.006989579,0.020753609,0.010265007,April
NSIA036,2019-04-26 16:59:00,0,0,0,0,0,0,0,1,0,0,sian010,25.656233333333333,91.17926666666666,1139,0,1,0,0,0,1,1,0,0,0,1,1,8,25.0,0,,1,25.0,0,,0,,0,,0,,0,,1,0,0,1,0,0,0,0,1,0,1,0,0,1,0,0,0,0,0,0,0,0,0,0,0,0,0,0,2,0,0,0,0,1,0,0,0,0,0,0.242229615,0.47253315,0.246925298,0.008526141,0.020543685,0.00924211,April
NSIA037,2019-04-26 17:13:00,0,0,0,0,0,0,0,1,0,0,sian007,25.65625,91.17948333333334,1144,0,0,1,0,0,1,1,0,0,0,1,1,0,,0,,1,25.0,0,,0,,0,,0,,0,,1,0,0,1,0,0,0,0,1,0,1,0,0,1,0,0,0,0,0,0,0,0,0,0,0,0,0,0,0,0,0,0,0,0,0,0,0,0,0,0.240499332,0.471537,0.249544989,0.008738155,0.020411703,0.00926882,April
NSIA039,2019-04-26 17:16:00,0,0,0,0,0,0,0,1,0,0,sian032,25.652916666666666,91.17955,1157,0,0,1,0,0,1,1,0,0,0,1,1,5,25.0,0,,1,25.0,0,,0,,0,,0,,0,,1,0,0,1,0,0,0,0,1,0,1,0,0,1,0,0,0,0,0,0,0,0,0,0,0,0,0,0,2,0,2,0,0,0,0,0,0,0,0,0.228797044,0.430307694,0.318657607,0.002051028,0.013660912,0.006525715,April
NUMT002,2019-04-30 17:32:00,0,0,0,0,0,0,0,0,1,0,umtu016,25.731966666666665,91.1706,969,0,0,1,0,0,1,1,0,0,0,1,1,0,,0,,1,25.0,0,,1,50.0,0,,0,,0,,1,0,0,1,0,0,0,0,1,0,1,0,0,1,0,0,0,0,0,0,0,0,0,0,0,0,0,0,3,1,0,0,0,0,0,0,0,0,1,0.232161742,0.254207637,0.429589496,0.012818999,0.052707517,0.01851461,April
NUMT004,2019-04-30 17:55:00,0,0,0,0,0,0,0,0,1,0,umtu008,25.7311,91.1708,978,0,1,0,0,0,1,1,0,0,0,1,1,0,,0,,1,25.0,0,,1,50.0,0,,0,,0,,1,0,0,1,0,0,0,0,1,0,1,0,0,1,0,0,0,0,0,0,0,0,0,0,0,0,0,0,0,0,0,0,0,0,0,0,0,0,0,0.252005588,0.256423382,0.40309879,0.01280206,0.05629772,0.01937246,April
NUMT005,2019-04-30 18:05:00,0,0,0,0,0,0,0,0,1,0,umtu041,25.730766666666668,91.17076666666667,973,0,0,1,0,0,1,1,0,0,0,1,1,0,,0,,1,25.0,0,,0,,0,,0,,1,25.0,1,0,0,1,0,0,0,0,1,0,1,0,0,1,0,0,0,0,0,0,0,0,0,0,0,0,0,0,0,0,0,0,0,0,0,0,0,0,0,0.257553161,0.257222116,0.395268438,0.013193026,0.057198344,0.019564914,April
NUMT009,2019-04-30 19:04:00,0,0,0,0,0,0,0,0,1,0,umtu007,25.731566666666666,91.16905,975,0,0,1,0,0,1,1,0,0,0,1,1,0,,0,,1,25.0,0,,2,50.0,0,,0,,0,,1,0,0,1,0,0,0,0,1,0,1,0,0,1,1,1,0,0,0,0,0,1,1,0,0,0,0,0,0,0,0,0,0,0,0,0,0,0,0,0.235810617,0.251086998,0.42304771,0.019307386,0.051598845,0.019148445,April
NUMT010,2019-04-30 19:56:00,0,0,0,0,0,0,0,0,1,0,umtu019,25.7315,91.16916666666667,977,0,0,1,0,0,1,1,0,0,0,1,1,3,25.0,0,,1,25.0,0,,1,50.0,0,,0,,1,25.0,1,0,0,1,0,0,0,0,1,0,1,0,0,1,0,0,0,0,0,0,0,0,0,0,0,0,0,0,0,0,0,0,0,0,0,0,0,0,0,0.238429761,0.25116445,0.419877632,0.018849023,0.052392574,0.019286559,April
NUMT011,2019-01-05 16:08:00,0,0,0,0,0,0,0,0,1,0,umtu060,25.731533333333335,91.16835,976,0,1,0,1,0,0,0,0,0,0,1,1,1,25.0,0,,0,,0,,0,,0,,0,,0,,1,0,0,1,0,0,0,0,1,0,1,0,0,1,0,0,0,0,0,0,0,0,0,0,0,0,0,0,0,0,0,0,0,0,0,0,0,0,0,0.228755931,0.251226635,0.432309731,0.023763534,0.046024406,0.017919764,January
NUMT012,2019-01-05 15:57:00,0,0,0,0,0,0,0,0,1,0,umtu076,25.7317,91.16825,980,0,0,1,0,0,1,1,0,0,0,1,1,0,,0,,1,25.0,0,,1,50.0,0,,0,,0,,1,0,0,1,0,0,0,0,1,0,1,0,0,1,0,0,0,0,0,0,0,0,0,0,0,0,0,0,0,0,0,0,0,0,0,0,0,0,0,0.223116254,0.25129121,0.439450549,0.02498633,0.043882246,0.017273412,January
NUMT013,2019-01-05 16:20:00,0,0,0,0,0,0,0,0,1,0,umtu077,25.731366666666666,91.16808333333333,973,0,0,1,0,0,1,1,0,0,0,1,1,0,,0,,0,,0,,1,50.0,0,,0,,0,,1,0,0,1,0,0,0,0,1,0,1,0,0,1,0,0,0,0,0,0,0,0,0,0,0,0,0,0,0,0,0,0,0,0,0,0,0,0,0,0.226804276,0.251620773,0.434778673,0.026234165,0.043515197,0.017046916,January
NUMT014,2019-01-05 16:28:00,0,0,0,0,0,0,0,0,1,0,umtu074,25.732116666666666,91.16821666666667,978,0,1,0,0,0,1,1,0,0,0,1,1,0,,0,,1,25.0,0,,1,50.0,0,,0,,0,,1,0,0,1,0,0,0,0,1,0,1,0,0,1,0,0,0,0,0,0,0,0,0,0,0,0,0,0,0,0,0,0,0,0,0,0,0,0,0,0.21536833,0.251077781,0.449786741,0.024558518,0.042455191,0.016753439,January
NUMT015,2019-01-05 16:37:00,0,0,0,0,0,0,0,0,1,0,umtu050,25.732516666666665,91.16831666666667,972,0,1,0,1,0,0,0,0,0,0,1,1,7,25.0,0,,1,25.0,0,,0,,0,,0,,1,25.0,1,0,0,1,0,0,0,0,1,0,1,0,0,1,0,0,0,0,0,0,0,0,0,0,0,0,0,0,0,0,0,0,0,0,0,0,0,0,0,0.207647883,0.250919709,0.460830068,0.023668188,0.040938749,0.015995404,January
NUMT016,2019-01-05 16:47:00,0,0,0,0,0,0,0,0,1,0,umtu053,25.732283333333335,91.16845,984,0,0,1,0,0,1,1,0,0,0,1,1,0,,0,,1,25.0,0,,0,,0,,0,,1,25.0,1,0,0,1,0,0,0,0,1,0,1,0,0,1,0,0,0,0,0,0,0,0,0,0,0,0,0,0,3,1,0,0,0,2,0,0,0,0,0,0.215508952,0.251063969,0.449663165,0.02243612,0.044239954,0.01708784,January
NUMT022,2019-02-05 16:25:00,0,0,0,0,0,0,0,0,1,0,umtu016,25.731966666666665,91.1706,969,0,0,1,0,0,1,1,0,0,0,1,1,0,,0,,1,25.0,0,,1,50.0,0,,0,,0,,1,0,0,1,0,0,0,0,1,0,1,0,0,1,0,0,0,0,0,0,0,0,0,0,0,0,0,0,0,0,0,0,0,0,0,0,0,0,0,0.232161742,0.254207637,0.429589496,0.012818999,0.052707517,0.01851461,February
NUMT023,2019-02-05 16:34:00,0,0,0,0,0,0,0,0,1,0,umtu036,25.731566666666666,91.1707,976,0,1,0,0,0,1,1,0,0,0,1,1,0,,0,,0,,0,,0,,0,,0,,2,25.0,1,0,0,1,0,0,0,0,1,0,1,0,0,1,0,0,0,0,0,0,0,0,0,0,0,0,0,0,2,1,0,0,0,0,0,0,0,0,0,0.241880689,0.25510468,0.416647458,0.012658394,0.054709714,0.018999065,February
NUMT025,2019-02-05 16:52:00,0,0,0,0,0,0,0,0,1,0,umtu041,25.730766666666668,91.17076666666667,973,0,0,1,0,0,1,1,0,0,0,1,1,0,,0,,1,25.0,0,,0,,0,,0,,1,25.0,1,0,0,1,0,0,0,0,1,0,1,0,0,1,0,0,0,0,0,0,0,0,0,0,0,0,0,0,0,0,0,0,0,0,0,0,0,0,0,0.257553161,0.257222116,0.395268438,0.013193026,0.057198344,0.019564914,February
NUMT029,2019-02-05 17:25:00,0,0,0,0,0,0,0,0,1,0,umtu007,25.731566666666666,91.16905,975,0,0,1,0,0,1,1,0,0,0,1,1,0,,0,,1,25.0,0,,2,50.0,0,,0,,0,,1,0,0,1,0,0,0,0,1,0,1,0,0,1,1,1,0,0,0,0,0,1,1,0,0,0,0,0,0,0,0,0,0,0,0,0,0,0,0,0.235810617,0.251086998,0.42304771,0.019307386,0.051598845,0.019148445,February
NUMT030,2019-02-05 17:30:00,0,0,0,0,0,0,0,0,1,0,umtu019,25.7315,91.16916666666667,977,0,0,1,0,0,1,1,0,0,0,1,1,3,25.0,0,,1,25.0,0,,1,50.0,0,,0,,1,,1,0,0,1,0,0,0,0,1,0,1,0,0,1,0,0,0,0,0,0,0,0,0,0,0,0,0,0,0,0,0,0,0,0,0,0,0,0,0,0.238429761,0.25116445,0.419877632,0.018849023,0.052392574,0.019286559,February
NUMT031,2019-03-05 17:15:00,0,0,0,0,0,0,0,0,1,0,umtu060,25.7317,91.16835,976,0,1,0,1,0,0,0,0,0,0,1,1,1,25.0,0,,0,,0,,0,,0,,0,,0,,1,0,0,1,0,0,0,0,1,0,1,0,0,1,0,0,0,0,0,0,0,0,0,0,0,0,0,0,10,3,0,0,0,1,1,0,0,0,0,0.225930902,0.251145587,0.435846594,0.023556223,0.045704404,0.017816289,March
NUMT032,2019-03-05 17:20:00,0,0,0,0,0,0,0,0,1,0,umtu076,25.7317,91.16825,980,0,0,1,0,0,1,1,0,0,0,1,1,0,,0,,1,25.0,0,,1,50.0,0,,0,,0,,1,0,0,1,0,0,0,0,1,0,1,0,0,1,0,0,0,0,0,0,0,0,0,0,0,0,0,0,23,17,1,0,4,0,0,0,0,0,0,0.223116254,0.25129121,0.439450549,0.02498633,0.043882246,0.017273412,March
NUMT033,2019-03-05 17:25:00,0,0,0,0,0,0,0,0,1,0,umtu077,25.731366666666666,91.18141666666666,973,0,0,1,0,0,1,1,0,0,0,1,1,0,,0,,0,,0,,1,50.0,0,,0,,0,,1,0,0,1,0,0,0,0,1,0,1,0,0,1,0,0,0,0,0,0,0,0,0,0,0,0,0,0,1,1,0,0,0,0,0,0,0,0,0,0.08484285,0.286871129,0.585884731,0.03561709,0.005682489,0.001101711,March
NUMT034,2019-03-05 17:30:00,0,0,0,0,0,0,0,0,1,0,umtu074,25.732116666666666,91.16821666666667,978,0,1,0,0,0,1,1,0,0,0,1,1,0,,0,,1,25.0,0,,1,50.0,0,,0,,0,,1,0,0,1,0,0,0,0,1,0,1,0,0,1,0,0,0,0,0,0,0,0,0,0,0,0,0,0,0,0,0,0,0,0,0,0,0,0,0,0.21536833,0.251077781,0.449786741,0.024558518,0.042455191,0.016753439,March
NUMT035,2019-03-05 17:35:00,0,0,0,0,0,0,0,0,1,0,umtu050,25.732516666666665,91.16831666666667,972,0,1,0,1,0,0,0,0,0,0,1,1,7,25.0,0,,1,25.0,0,,0,,0,,0,,1,25.0,1,0,0,1,0,0,0,0,1,0,1,0,0,1,0,0,0,0,0,0,0,0,0,0,0,0,0,0,0,0,0,0,0,0,0,0,0,0,0,0.207647883,0.250919709,0.460830068,0.023668188,0.040938749,0.015995404,March
NUMT036,2019-03-05 17:40:00,0,0,0,0,0,0,0,0,1,0,umtu053,25.732283333333335,91.16845,984,0,0,1,0,0,1,1,0,0,0,1,1,0,,0,,1,25.0,0,,0,,0,,0,,1,25.0,1,0,0,1,0,0,0,0,1,0,1,0,0,1,0,0,0,0,0,0,0,0,0,0,0,0,0,0,0,0,0,0,0,0,0,0,0,0,0,0.215508952,0.251063969,0.449663165,0.02243612,0.044239954,0.01708784,March
NUMT043,2019-06-18 16:46:00,0,0,0,0,0,0,0,0,1,0,umtu026,25.733183333333333,91.16895,980,0,0,1,0,0,1,1,0,1,0,0,1,1,25.0,0,,0,,0,,3,100.0,0,,0,,0,,1,0,0,1,0,0,0,0,1,0,1,0,0,1,1,1,0,0,0,0,0,1,1,0,0,0,0,0,1,1,0,0,0,0,0,0,0,0,0,0.19730358,0.252099536,0.476289448,0.01987566,0.039511534,0.014920242,June
NUMT051,2019-06-19 17:06:00,0,0,0,0,0,0,0,0,1,0,umtu049,25.727616666666666,91.1664,984,1,0,0,0,0,1,1,0,1,0,0,1,3,25.0,0,,0,,0,,0,,0,,0,,0,,1,0,0,1,0,0,0,0,1,0,1,0,0,1,0,0,0,0,0,0,0,0,0,0,0,0,0,0,1,0,1,0,0,0,0,0,0,0,0,0.180119715,0.262518618,0.475754421,0.05564388,0.019398316,0.006565049,June
NUMT052,2019-06-19 17:11:00,0,0,0,0,0,0,0,0,1,0,umtu005,25.72745,91.16596666666666,986,0,0,1,0,0,1,1,0,1,0,0,1,4,50.0,0,,1,25.0,0,,0,,0,,0,,0,,1,0,0,1,0,0,0,0,1,0,1,0,0,1,0,0,0,0,0,0,0,0,0,0,0,0,0,0,0,0,0,0,0,0,0,0,0,0,0,0.172005279,0.264442711,0.480509455,0.060912066,0.016532042,0.005598447,June
NUMT056,2019-06-20 16:30:00,0,0,0,0,0,0,0,0,1,0,umtu26,25.733183333333333,91.16895,980,0,0,1,0,0,1,1,0,1,0,0,1,1,25.0,0,,0,,0,,3,100.0,0,,0,,0,,1,0,0,1,0,0,0,0,1,0,1,0,0,1,1,1,0,0,0,0,0,1,1,0,0,0,0,0,0,0,0,0,0,0,0,0,0,0,0,0.19730358,0.252099536,0.476289448,0.01987566,0.039511534,0.014920242,June
NUMT058,2019-06-20 16:48:00,0,0,0,0,0,0,0,0,1,0,umtu038,25.73225,91.17073333333333,974,0,0,1,0,0,1,1,0,1,0,0,1,0,,0,,1,25.0,0,,0,,0,,0,,0,,1,0,0,1,0,0,0,0,1,0,1,0,0,1,0,0,0,0,0,0,0,0,0,0,0,0,0,0,4,0,1,0,1,0,0,0,0,0,0,0.225094392,0.254113658,0.439544871,0.01270641,0.05062952,0.017911149,June
NUMT063,2019-06-21 17:19:00,0,0,0,0,0,0,0,0,1,0,umtu005,25.72745,91.16596666666666,986,0,0,1,0,0,1,1,0,1,0,0,1,4,50.0,0,,1,25.0,0,,0,,0,,0,,0,,1,0,0,1,0,0,0,0,1,0,1,0,0,1,0,0,0,0,0,0,0,0,0,0,0,0,0,0,4,3,0,0,0,0,0,0,0,0,0,0.172005279,0.264442711,0.480509455,0.060912066,0.016532042,0.005598447,June
NUMT067,2019-06-09 16:55:00,0,0,0,0,0,0,0,0,1,0,umtu036,25.73155,91.17076666666667,982,0,0,1,0,0,1,1,0,1,0,0,1,0,,0,,0,,0,,1,25.0,0,,0,,0,,1,0,0,1,0,0,0,1,0,0,1,0,0,1,0,0,0,0,0,0,0,0,0,0,0,0,0,0,0,0,0,0,0,0,0,0,0,0,0,0.241385524,0.255399566,0.417408018,0.01246226,0.054462625,0.018882007,June
NUMT068,2019-06-09 17:06:00,0,0,0,0,0,0,0,0,1,0,umtu037,25.732466666666667,91.17061666666666,964,0,0,1,0,0,1,1,0,1,0,0,1,0,,0,,0,,0,,1,50.0,0,,0,,0,,1,0,0,1,0,0,0,1,0,0,1,0,0,1,0,0,0,0,0,0,0,0,0,0,0,0,0,0,2,0,0,0,1,0,0,0,0,0,0,0.218643537,0.253905688,0.448223047,0.013070182,0.04873156,0.017425985,June
NUMT069,2019-06-09 17:26:00,0,0,0,0,0,0,0,0,1,0,umtu048,25.732905,91.17135,942,0,1,0,0,0,1,1,0,0,0,1,1,0,,0,,0,,0,,1,25.0,0,,0,,0,,1,0,0,1,0,0,0,1,0,0,1,0,0,1,0,0,0,0,0,0,0,0,0,0,0,0,0,0,1,0,0,0,0,0,0,0,0,0,0,0.199010381,0.252104313,0.477945952,0.012546132,0.043142286,0.015250936,June
NUMT070,2019-06-09 17:49:00,0,0,0,0,0,0,0,0,1,0,umtu060,25.73155,91.16838333333334,975,0,1,0,1,0,0,1,0,1,0,0,1,1,25.0,0,,0,,0,,0,,0,,0,,0,,1,0,0,1,0,0,0,1,0,0,1,0,0,1,0,0,0,0,0,0,0,0,0,0,0,0,0,0,0,0,0,0,0,0,0,0,0,0,0,0.227367478,0.251181729,0.434029567,0.023656139,0.045882324,0.017882762,June
NUMT075,2019-07-09 17:35:00,0,0,0,0,0,0,0,0,1,0,umtu041,25.73115,91.17083333333333,965,0,1,0,0,0,1,1,0,1,0,0,1,0,,0,,0,,0,,1,25.0,0,,0,,0,,1,0,0,1,0,0,0,1,0,0,1,0,0,1,0,0,0,0,0,0,0,0,0,0,0,0,0,0,1,0,0,0,0,0,0,0,0,0,0,0.250412752,0.256238941,0.405275361,0.012723839,0.056039044,0.019310062,July
NUMT077,2019-08-09 16:55:00,0,0,0,0,0,0,0,0,1,0,umtu036,25.73155,91.17076666666667,982,0,0,1,0,0,1,1,0,1,0,0,1,0,,0,,0,,0,,1,25.0,0,,0,,0,,1,0,0,1,0,0,0,1,0,0,1,0,0,1,0,0,0,0,0,0,0,0,0,0,0,0,0,0,0,0,0,0,0,0,0,0,0,0,0,0.241385524,0.255399566,0.417408018,0.01246226,0.054462625,0.018882007,August
NUMT078,2019-08-09 17:00:00,0,0,0,0,0,0,0,0,1,0,umtu037,25.732466666666667,91.17061666666666,964,0,0,1,0,0,1,1,0,1,0,0,1,0,,0,,0,,0,,1,50.0,0,,0,,0,,1,0,0,1,0,0,0,1,0,0,1,0,0,1,0,0,0,0,0,0,0,0,0,0,0,0,0,0,1,1,0,0,0,0,0,0,0,0,0,0.218643537,0.253905688,0.448223047,0.013070182,0.04873156,0.017425985,August
NUMT079,2019-08-09 17:15:00,0,0,0,0,0,0,0,0,1,0,umtu048,25.732883333333334,91.17135,942,0,1,0,0,0,1,1,0,0,0,1,1,0,,0,,0,,0,,1,25.0,0,,0,,0,,1,0,0,1,0,0,0,1,0,0,1,0,0,1,0,0,0,0,0,0,0,0,0,0,0,0,0,0,0,0,0,0,0,0,0,0,0,0,0,0.201638223,0.252346759,0.474260227,0.012418832,0.043859416,0.015476543,August
NUMT080,2019-08-09 17:25:00,0,0,0,0,0,0,0,0,1,0,umtu060,25.73155,91.16838333333334,975,0,1,0,1,0,0,1,0,1,0,0,1,1,25.0,0,,0,,0,,0,,0,,0,,0,,1,0,0,1,0,0,0,1,0,0,1,0,0,1,0,0,0,0,0,0,0,0,0,0,0,0,0,0,2,1,0,0,0,0,0,0,0,0,0,0.227367478,0.251181729,0.434029567,0.023656139,0.045882324,0.017882762,August
NUMT085,2019-09-09 17:20:00,0,0,0,0,0,0,0,0,1,0,umtu041,25.73115,91.17083333333333,965,0,1,0,0,0,1,1,0,1,0,0,1,0,,0,,0,,0,,1,25.0,0,,0,,0,,1,0,0,0,0,1,0,1,0,1,0,0,0,1,0,0,0,0,0,0,0,0,0,0,0,0,0,0,0,0,0,0,0,0,0,0,0,0,0,0.250412752,0.256238941,0.405275361,0.012723839,0.056039044,0.019310062,September
NUMW001,2019-08-07 16:33:00,0,0,0,0,0,0,0,0,0,1,umwl003,25.704250000000002,91.19246666666666,1145,0,1,0,1,0,0,1,0,0,0,1,1,5,25.0,0,,0,,0,,5,100.0,0,,0,,0,,1,0,0,0,0,1,0,1,0,0,1,0,0,1,0,0,0,0,0,0,0,0,0,0,0,0,0,0,4,1,1,0,0,0,0,0,0,0,0,0.143208819,0.330989975,0.439267483,0.055018235,0.027852417,0.003663071,August
NUMW002,2019-08-07 17:02:00,0,0,0,0,0,0,0,0,0,1,umwl001,25.702516666666668,91.19353333333333,1151,0,0,1,0,0,1,1,0,1,0,0,1,3,50.0,0,,1,25.0,0,,3,100.0,0,,0,,0,,1,0,0,0,0,1,0,1,0,0,1,0,0,1,0,0,0,0,0,0,0,0,0,0,0,0,0,0,6,3,1,0,0,0,0,0,1,0,0,0.096693504,0.317749347,0.482464517,0.082182374,0.018861614,0.002048645,August
NUMW006,2019-08-07 18:22:00,0,0,0,0,0,0,0,0,0,1,umwl015,25.706116666666667,91.18581666666667,1119,0,0,1,0,0,1,1,0,1,0,0,1,0,,2,100.0,0,,0,,2,100.0,0,,0,,0,,1,0,0,0,0,1,0,0,1,0,1,0,0,1,0,0,0,0,0,0,0,0,0,0,0,0,0,0,8,2,2,0,1,0,1,0,0,0,0,0.28563444,0.347620687,0.300739151,0.02861808,0.028205865,0.009181778,August
NUMW008,2019-08-07 18:54:00,0,0,0,0,0,0,0,0,0,1,umwl018,25.70775,91.1858,1122,0,0,1,0,0,1,1,0,1,0,0,1,2,25.0,0,,0,,0,,0,,0,,0,,0,,1,0,0,0,0,1,0,1,0,0,1,0,0,1,0,0,0,0,0,0,0,0,0,0,0,0,0,0,1,0,1,0,0,0,0,0,0,0,0,0.300938098,0.352729673,0.289245176,0.025540144,0.023910077,0.007636832,August
NUMW009,2019-08-07 19:04:00,0,0,0,0,0,0,0,0,0,1,umwl017,25.707616666666667,91.18581666666667,1120,0,0,1,0,0,1,1,0,1,0,0,1,0,,1,50.0,0,,0,,0,,0,,0,,0,,1,0,0,0,0,1,0,1,0,0,1,0,0,1,0,0,0,0,0,0,0,0,0,0,0,0,0,0,0,0,0,0,0,0,0,0,0,0,0,0.30101263,0.352572831,0.288752164,0.025661726,0.024228788,0.007771861,August
NUMW010,2019-08-07 19:16:00,0,0,0,0,0,0,0,0,0,1,umwl016,25.70703333333333,91.18588333333334,1131,0,0,1,0,0,1,1,0,1,0,0,1,0,,0,,0,,0,,2,100.0,0,,0,,0,,1,0,0,0,0,1,0,1,0,0,1,0,0,1,0,0,0,0,0,0,0,0,0,0,0,0,0,0,14,4,3,0,2,0,0,1,1,0,0,0.298479111,0.351239675,0.288684527,0.026668925,0.026362314,0.008565447,August
NUMW013,2019-09-07 16:01:00,0,0,0,0,0,0,0,0,0,1,umwl013,25.706166666666668,91.18641666666667,1100,1,0,0,0,0,1,1,0,1,0,0,1,0,,2,50.0,0,,0,,0,,0,,0,,0,,1,0,0,0,0,1,0,0,1,0,1,0,0,1,0,0,0,0,0,0,0,0,0,0,0,0,0,0,0,0,0,0,0,0,0,0,0,0,0,0.28326442,0.344860455,0.307141393,0.027431464,0.028229943,0.009072326,September
NUMW015,2019-09-07 16:28:00,0,0,0,0,0,0,0,0,0,1,umwl022,25.705966666666665,91.1847,1120,0,0,1,0,0,1,1,0,0,1,0,1,3,50.0,0,,0,,0,,0,,0,,0,,0,,1,0,0,0,0,1,0,0,1,0,1,0,0,1,0,0,0,0,0,0,0,0,0,0,0,0,0,0,2,1,0,0,1,0,0,0,0,0,0,0.280341633,0.354948066,0.299719904,0.030752168,0.02552862,0.008709609,September
NUMW016,2019-09-07 17:07:00,0,0,0,0,0,0,0,0,0,1,umwl020,25.7084,91.18605,1114,0,0,1,0,0,1,1,0,1,0,0,1,2,25.0,0,,2,25.0,0,,0,,0,,0,,0,,1,0,0,0,0,1,0,1,0,0,1,0,0,1,0,0,0,0,0,0,0,0,0,0,0,0,0,0,0,0,0,0,0,0,0,0,0,0,0,0.295507331,0.354016368,0.298094532,0.024561394,0.021297341,0.006523035,September
NUMW018,2019-09-07 17:50:00,0,0,0,0,0,0,0,0,0,1,umwl027,25.7077,91.18353333333333,1096,0,0,1,0,0,1,1,0,1,0,0,1,3,25.0,0,,0,,0,,1,50.0,0,,0,,0,,1,0,0,0,0,1,0,0,1,0,1,0,0,1,0,0,0,0,0,0,0,0,0,0,0,0,0,0,0,0,0,0,0,0,0,0,0,0,0,0.281444121,0.358625273,0.305621908,0.027951931,0.020161309,0.006195459,September
NUMW019,2019-09-07 18:03:00,0,0,0,0,0,0,0,0,0,1,umwl026,25.70745,91.18373333333334,1098,0,0,1,0,0,1,1,0,0,0,1,1,0,,1,100.0,0,,0,,0,,0,,0,,0,,1,0,0,0,0,1,0,0,1,0,1,0,0,1,0,0,0,0,0,0,0,0,0,0,0,0,0,0,0,0,0,0,0,0,0,0,0,0,0,0.284454288,0.359205793,0.300181169,0.028288368,0.021212304,0.006658078,September
NUMW020,2019-09-07 18:11:00,0,0,0,0,0,0,0,0,0,1,umwl077,25.70755,91.18363333333333,1107,0,0,1,0,0,1,1,0,1,0,0,1,0,,2,50.0,0,,0,,1,50.0,0,,0,,0,,1,0,0,0,0,1,0,0,1,0,1,0,0,1,0,0,0,0,0,0,0,0,0,0,0,0,0,0,0,0,0,0,0,0,0,0,0,0,0,0.283074335,0.359122319,0.30234388,0.028194087,0.020779442,0.006485938,September
NUMW021,2019-10-07 16:35:00,0,0,0,0,0,0,0,0,0,1,umwl003,25.704250000000002,91.19246666666666,1145,0,1,0,1,0,0,0,0,0,0,1,1,5,25.0,0,,0,,0,,5,50.0,0,,0,,0,,1,0,0,0,1,0,0,1,0,0,0,0,1,1,0,0,0,0,0,0,0,0,0,0,0,0,0,0,0,0,0,0,0,0,0,0,0,0,0,0.143208819,0.330989975,0.439267483,0.055018235,0.027852417,0.003663071,October
NUMW022,2019-10-07 17:05:00,0,0,0,0,0,0,0,0,0,1,umwl001,25.702516666666668,91.19353333333333,1151,0,0,1,0,0,1,1,0,1,0,0,1,3,50.0,0,,1,25.0,0,,3,100.0,0,,0,,0,,1,0,0,0,1,0,0,1,0,0,0,0,1,1,0,0,0,0,0,0,0,0,0,0,0,0,0,0,0,0,0,0,0,0,0,0,0,0,0,0.096693504,0.317749347,0.482464517,0.082182374,0.018861614,0.002048645,October
NUMW026,2019-10-07 18:15:00,0,0,0,0,0,0,0,0,0,1,umwl015,25.706116666666667,91.18581666666667,1119,0,0,1,0,0,1,1,0,1,0,0,1,0,,2,100.0,0,,0,,2,100.0,0,,0,,0,,1,0,0,0,1,0,0,0,1,0,0,0,1,1,0,0,0,0,0,0,0,0,0,0,0,0,0,0,0,0,0,0,0,0,0,0,0,0,0,0.28563444,0.347620687,0.300739151,0.02861808,0.028205865,0.009181778,October
NUMW028,2019-10-07 18:50:00,0,0,0,0,0,0,0,0,0,1,umwl018,25.70775,91.1858,1122,0,0,1,0,0,1,1,0,1,0,0,1,2,25.0,0,,0,,0,,0,,0,,0,,0,,1,0,0,0,1,0,0,1,0,0,0,0,1,1,0,0,0,0,0,0,0,0,0,0,0,0,0,0,0,0,0,0,0,0,0,0,0,0,0,0.300938098,0.352729673,0.289245176,0.025540144,0.023910077,0.007636832,October
NUMW029,2019-10-07 19:00:00,0,0,0,0,0,0,0,0,0,1,umwl017,25.707616666666667,91.18581666666667,1120,0,0,1,0,0,1,1,0,1,0,0,1,0,,1,50.0,0,,0,,0,,0,,0,,0,,1,0,0,0,1,0,0,1,0,0,0,0,1,1,0,0,0,0,0,0,0,0,0,0,0,0,0,0,0,0,0,0,0,0,0,0,0,0,0,0.30101263,0.352572831,0.288752164,0.025661726,0.024228788,0.007771861,October
NUMW030,2019-10-07 19:14:00,0,0,0,0,0,0,0,0,0,1,umwl016,25.70703333333333,91.18588333333334,1131,0,0,1,0,0,1,1,0,1,0,0,1,0,,0,,0,,0,,2,100.0,0,,0,,0,,1,0,0,0,1,0,0,1,0,0,0,0,1,1,0,0,0,0,0,0,0,0,0,0,0,0,0,0,0,0,0,0,0,0,0,0,0,0,0,0.298479111,0.351239675,0.288684527,0.026668925,0.026362314,0.008565447,October
NUMW033,2019-11-07 16:00:00,0,0,0,0,0,0,0,0,0,1,umwl013,25.706166666666668,91.18641666666667,1100,1,0,0,0,0,1,1,0,1,0,0,1,0,,2,50.0,0,,0,,0,,0,,0,,0,,1,0,0,0,1,0,0,0,1,0,1,0,0,1,0,0,0,0,0,0,0,0,0,0,0,0,0,0,0,0,0,0,0,0,0,0,0,0,0,0.28326442,0.344860455,0.307141393,0.027431464,0.028229943,0.009072326,November
NUMW034,2019-11-07 16:20:00,0,0,0,0,0,0,0,0,0,1,umwl021,25.705833333333334,91.18488333333333,1117,0,0,1,0,0,1,1,0,1,0,0,1,3,25.0,0,,0,,0,,1,100.0,0,,0,,0,,1,0,0,0,1,0,0,0,1,0,1,0,0,1,0,0,0,0,0,0,0,0,0,0,0,0,0,0,0,0,0,0,0,0,0,0,0,0,0,0.278008862,0.352942681,0.303280271,0.030907976,0.025988333,0.008871877,November
NUMW036,2019-11-07 17:00:00,0,0,0,0,0,0,0,0,0,1,umwl020,25.7084,91.18605,1114,0,0,1,0,0,1,1,0,1,0,0,1,2,25.0,0,,2,25.0,0,,0,,0,,0,,0,,1,0,0,0,1,0,0,1,0,0,1,0,0,1,0,0,0,0,0,0,0,0,0,0,0,0,0,0,0,0,0,0,0,0,0,0,0,0,0,0.295507331,0.354016368,0.298094532,0.024561394,0.021297341,0.006523035,November
NUMW038,2019-11-07 17:55:00,0,0,0,0,0,0,0,0,0,1,umwl025,25.7077,91.18353333333333,1096,0,0,1,0,0,1,1,0,1,0,0,1,3,25.0,0,,0,,0,,1,50.0,0,,0,,0,,1,0,0,0,1,0,0,0,1,0,1,0,0,1,0,0,0,0,0,0,0,0,0,0,0,0,0,0,0,0,0,0,0,0,0,0,0,0,0,0.281444121,0.358625273,0.305621908,0.027951931,0.020161309,0.006195459,November
NUMW039,2019-11-07 18:03:00,0,0,0,0,0,0,0,0,0,1,umwl026,25.70745,91.18373333333334,98,0,0,1,0,0,1,1,0,0,0,1,1,0,,1,100.0,0,,0,,0,,0,,0,,0,,1,0,0,0,1,0,0,0,1,0,1,0,0,1,0,0,0,0,0,0,0,0,0,0,0,0,0,0,0,0,0,0,0,0,0,0,0,0,0,0.284454288,0.359205793,0.300181169,0.028288368,0.021212304,0.006658078,November
NUMW040,2019-11-07 18:20:00,0,0,0,0,0,0,0,0,0,1,umwl077,25.70755,91.18363333333333,1107,0,0,1,0,0,1,1,0,1,0,0,1,2,50.0,0,,0,,0,,1,50.0,0,,0,,0,,1,0,0,0,1,0,0,0,1,0,1,0,0,1,0,0,0,0,0,0,0,0,0,0,0,0,0,0,0,0,0,0,0,0,0,0,0,0,0,0.283074335,0.359122319,0.30234388,0.028194087,0.020779442,0.006485938,November
